,filename,box1_row,box1_col,box2_row,box2_col
0,Cat-Train (1085).jpeg,67,6,41,152
1,Cat-Train (900).jpeg,86,23,105,165
2,Cat-Train (1759).jpeg,60,99,3,140
3,Cat-Train (969).jpeg,14,138,47,137
4,Cat-Train (1559).jpeg,106,95,41,158
5,Cat-Train (447).jpeg,112,55,126,39
6,Cat-Train (1792).jpeg,15,170,151,17
7,Cat-Train (1683).jpeg,136,157,85,69
8,Cat-Train (1229).jpeg,26,29,101,65
9,Cat-Train (822).jpeg,123,10,178,145
10,Cat-Train (1458).jpeg,109,15,163,44
11,Cat-Train (951).jpeg,11,171,41,128
12,Cat-Train (1743).jpeg,128,163,145,48
13,Cat-Train (597).jpeg,108,146,109,92
14,Cat-Train (1839).jpeg,48,56,23,57
15,Cat-Train (37).jpg,140,164,142,120
16,Cat-Train (1079).jpeg,164,122,10,101
17,Cat-Train (736).jpeg,45,87,149,169
18,Cat-Train (1181).jpeg,60,164,16,122
19,Cat-Train (725).jpeg,153,152,176,72
20,Cat-Train (816).jpeg,24,22,33,112
21,Cat-Train (41).jpeg,150,123,118,129
22,Cat-Train (1338).jpeg,110,125,178,80
23,Cat-Train (862).jpeg,57,110,90,70
24,Cat-Train (411).jpeg,95,98,173,107
25,Cat-Train (321).jpeg,133,125,57,54
26,Cat-Train (3).jpg,36,143,80,104
27,Cat-Train (22).jpeg,95,132,151,136
28,Cat-Train (831).jpeg,140,141,28,151
29,Cat-Train (355).jpeg,176,60,15,112
30,Cat-Train (1713).jpeg,88,165,79,17
31,Cat-Train (1213).jpeg,73,37,163,47
32,Cat-Train (1612).jpeg,9,108,169,44
33,Cat-Train (1485).jpeg,172,84,68,136
34,Cat-Train (587).jpeg,19,177,99,81
35,Cat-Train (93).jpeg,52,90,114,104
36,Cat-Train (1410).jpeg,176,127,116,43
37,Cat-Train (1624).jpeg,161,51,62,73
38,Cat-Train (474).jpeg,38,37,37,8
39,Cat-Train (1756).jpeg,53,143,68,138
40,Cat-Train (1841).jpeg,114,87,140,102
41,Cat-Train (188).jpeg,30,20,61,67
42,Cat-Train (1764).jpeg,160,107,129,152
43,Cat-Train (298).jpeg,115,77,60,124
44,Cat-Train (1618).jpeg,157,11,85,3
45,Cat-Train (559).jpeg,119,27,139,7
46,Cat-Train (856).jpeg,84,147,142,117
47,Cat-Train (141).jpeg,99,7,89,84
48,Cat-Train (455).jpeg,121,35,24,149
49,Cat-Train (1188).jpeg,8,129,60,131
50,Cat-Train (1493).jpeg,152,178,137,63
51,Cat-Train (1468).jpeg,28,173,116,137
52,Cat-Train (1757).jpeg,64,83,16,78
53,Cat-Train (657).jpeg,14,88,69,62
54,Cat-Train (539).jpeg,54,97,159,141
55,Cat-Train (1771).jpeg,29,175,131,54
56,Cat-Train (1768).jpeg,155,173,173,68
57,Cat-Train (205).jpeg,25,21,147,170
58,Cat-Train (1560).jpeg,88,57,163,155
59,Cat-Train (780).jpeg,53,21,36,57
60,Cat-Train (1727).jpeg,64,31,107,45
61,Cat-Train (1744).jpeg,72,160,41,74
62,Cat-Train (56).jpg,105,66,48,96
63,Cat-Train (991).jpeg,45,61,172,18
64,Cat-Train (1419).jpeg,132,107,88,51
65,Cat-Train (1800).jpeg,86,72,89,62
66,Cat-Train (1510).jpeg,117,148,35,115
67,Cat-Train (52).jpg,1,74,171,55
68,Cat-Train (713).jpeg,64,86,88,141
69,Cat-Train (1316).jpeg,137,166,42,86
70,Cat-Train (1351).jpeg,40,60,10,45
71,Cat-Train (1406).jpeg,77,57,33,38
72,Cat-Train (603).jpeg,154,130,91,9
73,Cat-Train (709).jpeg,101,9,147,40
74,Cat-Train (449).jpeg,139,160,170,42
75,Cat-Train (396).jpeg,10,137,1,145
76,Cat-Train (878).jpeg,138,26,29,68
77,Cat-Train (1347).jpeg,112,66,58,66
78,Cat-Train (910).jpeg,100,134,75,114
79,Cat-Train (422).jpeg,175,9,104,111
80,Cat-Train (58).jpeg,89,31,53,124
81,Cat-Train (110).jpeg,68,26,104,104
82,Cat-Train (1203).jpeg,14,96,12,59
83,Cat-Train (553).jpeg,170,10,74,33
84,Cat-Train (1491).jpeg,42,26,106,60
85,Cat-Train (1479).jpeg,180,41,18,30
86,Cat-Train (1090).jpeg,9,40,158,90
87,Cat-Train (669).jpeg,54,102,128,175
88,Cat-Train (191).jpeg,31,49,110,127
89,Cat-Train (521).jpeg,177,0,160,167
90,Cat-Train (812).jpeg,73,18,9,149
91,Cat-Train (29).jpg,71,111,22,61
92,Cat-Train (287).jpeg,75,50,166,129
93,Cat-Train (1503).jpeg,34,39,132,125
94,Cat-Train (278).jpeg,15,97,77,117
95,Cat-Train (106).jpeg,21,36,15,3
96,Cat-Train (204).jpeg,69,61,88,125
97,Cat-Train (841).jpeg,21,80,112,121
98,Cat-Train (605).jpeg,176,61,80,1
99,Cat-Train (1132).jpeg,68,41,178,37
100,Cat-Train (1703).jpeg,47,177,119,27
101,Cat-Train (1785).jpeg,127,153,49,23
102,Cat-Train (1742).jpeg,96,171,99,13
103,Cat-Train (1822).jpeg,81,113,156,150
104,Cat-Train (1652).jpeg,41,174,162,27
105,Cat-Train (82).jpeg,166,180,71,127
106,Cat-Train (556).jpeg,131,162,150,90
107,Cat-Train (1307).jpeg,66,12,148,21
108,Cat-Train (1883).jpeg,164,106,85,30
109,Cat-Train (693).jpeg,45,19,34,173
110,Cat-Train (398).jpeg,62,180,148,115
111,Cat-Train (302).jpeg,3,18,160,172
112,Cat-Train (1091).jpeg,156,53,125,71
113,Cat-Train (962).jpeg,121,168,83,132
114,Cat-Train (776).jpeg,32,176,143,55
115,Cat-Train (311).jpeg,81,162,28,38
116,Cat-Train (1833).jpeg,69,179,4,129
117,Cat-Train (531).jpeg,114,82,70,13
118,Cat-Train (370).jpeg,62,26,64,150
119,Cat-Train (1746).jpeg,31,21,161,143
120,Cat-Train (1758).jpeg,38,135,47,132
121,Cat-Train (1673).jpeg,81,133,16,132
122,Cat-Train (334).jpeg,1,23,116,161
123,Cat-Train (116).jpeg,133,159,90,70
124,Cat-Train (1669).jpeg,15,100,7,124
125,Cat-Train (1905).jpeg,26,85,45,107
126,Cat-Train (1399).jpeg,21,34,99,7
127,Cat-Train (644).jpeg,145,129,109,157
128,Cat-Train (368).jpeg,143,42,66,121
129,Cat-Train (433).jpeg,85,99,62,12
130,Cat-Train (1587).jpeg,2,24,5,2
131,Cat-Train (903).jpeg,175,5,111,49
132,Cat-Train (127).jpeg,115,155,87,55
133,Cat-Train (1386).jpeg,150,58,180,118
134,Cat-Train (94).jpeg,53,171,45,129
135,Cat-Train (1322).jpeg,17,152,150,144
136,Cat-Train (487).jpeg,112,158,5,120
137,Cat-Train (1829).jpeg,180,151,7,170
138,Cat-Train (286).jpeg,110,52,148,165
139,Cat-Train (1601).jpeg,98,0,47,53
140,Cat-Train (720).jpeg,90,130,25,12
141,Cat-Train (437).jpeg,159,88,96,159
142,Cat-Train (1863).jpeg,86,113,149,167
143,Cat-Train (982).jpeg,177,8,106,47
144,Cat-Train (1882).jpeg,56,33,144,49
145,Cat-Train (361).jpeg,7,175,81,67
146,Cat-Train (1235).jpeg,127,129,115,66
147,Cat-Train (1645).jpeg,53,145,49,130
148,Cat-Train (327).jpeg,111,170,86,56
149,Cat-Train (1791).jpeg,18,117,21,75
150,Cat-Train (1603).jpeg,39,15,106,172
151,Cat-Train (1031).jpeg,83,95,1,43
152,Cat-Train (1695).jpeg,111,156,173,59
153,Cat-Train (1505).jpeg,27,96,35,8
154,Cat-Train (1094).jpeg,24,34,177,102
155,Cat-Train (494).jpeg,140,152,166,179
156,Cat-Train (86).jpeg,171,51,174,154
157,Cat-Train (1470).jpeg,2,105,125,72
158,Cat-Train (1844).jpeg,172,35,97,22
159,Cat-Train (1013).jpeg,95,136,62,152
160,Cat-Train (724).jpeg,55,127,15,156
161,Cat-Train (1542).jpeg,178,136,62,125
162,Cat-Train (576).jpeg,177,173,10,174
163,Cat-Train (1497).jpeg,125,139,15,87
164,Cat-Train (192).jpeg,49,66,142,174
165,Cat-Train (1257).jpeg,147,45,122,68
166,Cat-Train (1413).jpeg,133,48,111,163
167,Cat-Train (1686).jpeg,31,12,36,51
168,Cat-Train (1568).jpeg,162,36,180,18
169,Cat-Train (1381).jpeg,30,45,33,136
170,Cat-Train (117).jpeg,173,137,102,90
171,Cat-Train (1600).jpeg,111,130,176,122
172,Cat-Train (1646).jpeg,170,107,110,139
173,Cat-Train (1452).jpeg,71,174,44,140
174,Cat-Train (57).jpeg,38,128,37,75
175,Cat-Train (418).jpeg,112,59,32,132
176,Cat-Train (1622).jpeg,139,153,59,136
177,Cat-Train (719).jpeg,34,115,75,109
178,Cat-Train (28).jpg,68,147,22,78
179,Cat-Train (1039).jpeg,125,29,140,164
180,Cat-Train (376).jpeg,115,42,11,179
181,Cat-Train (1728).jpeg,70,104,50,52
182,Cat-Train (1854).jpeg,70,111,80,50
183,Cat-Train (880).jpeg,89,110,45,150
184,Cat-Train (360).jpeg,175,161,16,118
185,Cat-Train (79).jpeg,178,116,177,103
186,Cat-Train (1032).jpeg,65,158,135,175
187,Cat-Train (432).jpeg,79,75,153,93
188,Cat-Train (1254).jpeg,78,2,176,2
189,Cat-Train (1372).jpeg,174,37,169,35
190,Cat-Train (1760).jpeg,71,90,68,105
191,Cat-Train (757).jpeg,76,43,26,96
192,Cat-Train (488).jpeg,57,77,54,5
193,Cat-Train (1310).jpeg,148,151,24,134
194,Cat-Train (1877).jpeg,17,46,120,146
195,Cat-Train (214).jpeg,152,128,140,44
196,Cat-Train (1348).jpeg,150,127,68,178
197,Cat-Train (1891).jpeg,43,21,146,131
198,Cat-Train (613).jpeg,14,73,63,102
199,Cat-Train (1411).jpeg,110,59,61,10
200,Cat-Train (62).jpeg,45,76,87,84
201,Cat-Train (1061).jpeg,168,169,102,163
202,Cat-Train (466).jpeg,143,123,155,95
203,Cat-Train (1801).jpeg,48,2,16,19
204,Cat-Train (1849).jpeg,80,157,19,157
205,Cat-Train (440).jpeg,56,29,23,146
206,Cat-Train (1005).jpeg,152,73,173,136
207,Cat-Train (1333).jpeg,43,177,117,66
208,Cat-Train (1420).jpeg,124,147,12,79
209,Cat-Train (1102).jpeg,129,171,40,17
210,Cat-Train (217).jpeg,177,80,64,103
211,Cat-Train (124).jpeg,42,93,81,171
212,Cat-Train (1129).jpeg,144,50,169,16
213,Cat-Train (77).jpeg,24,140,81,154
214,Cat-Train (415).jpeg,14,66,173,51
215,Cat-Train (1460).jpeg,134,130,85,68
216,Cat-Train (1469).jpeg,157,128,44,108
217,Cat-Train (1362).jpeg,1,168,86,55
218,Cat-Train (1747).jpeg,59,121,43,94
219,Cat-Train (1467).jpeg,113,57,142,162
220,Cat-Train (1463).jpeg,152,61,95,65
221,Cat-Train (1174).jpeg,10,120,63,115
222,Cat-Train (266).jpeg,170,62,5,95
223,Cat-Train (1193).jpeg,140,3,79,79
224,Cat-Train (947).jpeg,141,51,55,99
225,Cat-Train (1073).jpeg,28,127,107,71
226,Cat-Train (1309).jpeg,68,87,11,24
227,Cat-Train (1446).jpeg,112,44,142,28
228,Cat-Train (1366).jpeg,164,67,152,5
229,Cat-Train (788).jpeg,173,108,71,64
230,Cat-Train (1101).jpeg,23,18,69,98
231,Cat-Train (1337).jpeg,77,40,118,96
232,Cat-Train (631).jpeg,160,171,4,16
233,Cat-Train (550).jpeg,106,177,44,129
234,Cat-Train (1595).jpeg,101,69,56,176
235,Cat-Train (557).jpeg,74,107,96,69
236,Cat-Train (1534).jpeg,103,101,56,112
237,Cat-Train (913).jpeg,54,41,27,114
238,Cat-Train (388).jpeg,171,58,27,79
239,Cat-Train (792).jpeg,122,76,13,39
240,Cat-Train (1069).jpeg,112,146,159,157
241,Cat-Train (734).jpeg,163,91,112,104
242,Cat-Train (846).jpeg,111,149,23,0
243,Cat-Train (839).jpeg,123,180,45,105
244,Cat-Train (764).jpeg,116,86,8,11
245,Cat-Train (1068).jpeg,19,19,121,165
246,Cat-Train (1268).jpeg,80,74,60,119
247,Cat-Train (883).jpeg,119,74,177,111
248,Cat-Train (31).jpg,33,143,31,92
249,Cat-Train (1050).jpeg,166,172,98,180
250,Cat-Train (136).jpeg,16,22,111,82
251,Cat-Train (775).jpeg,107,40,20,21
252,Cat-Train (261).jpeg,90,12,57,49
253,Cat-Train (1780).jpeg,157,25,35,177
254,Cat-Train (193).jpeg,80,34,125,152
255,Cat-Train (988).jpeg,64,97,91,108
256,Cat-Train (809).jpeg,54,22,151,93
257,Cat-Train (1887).jpeg,53,24,89,99
258,Cat-Train (1502).jpeg,43,130,37,96
259,Cat-Train (73).jpeg,37,143,140,49
260,Cat-Train (1625).jpeg,167,175,145,168
261,Cat-Train (324).jpeg,101,112,57,3
262,Cat-Train (1003).jpeg,62,105,133,55
263,Cat-Train (1868).jpeg,49,128,97,152
264,Cat-Train (493).jpeg,51,178,27,37
265,Cat-Train (1405).jpeg,33,18,72,13
266,Cat-Train (573).jpeg,8,70,10,40
267,Cat-Train (506).jpeg,151,59,133,86
268,Cat-Train (527).jpeg,173,130,156,53
269,Cat-Train (793).jpeg,17,114,169,75
270,Cat-Train (456).jpeg,45,37,112,77
271,Cat-Train (705).jpeg,37,115,117,111
272,Cat-Train (470).jpeg,120,93,97,135
273,Cat-Train (663).jpeg,61,164,150,67
274,Cat-Train (512).jpeg,172,108,17,77
275,Cat-Train (1897).jpeg,168,20,41,118
276,Cat-Train (529).jpeg,163,70,169,164
277,Cat-Train (1153).jpeg,5,13,101,101
278,Cat-Train (1266).jpeg,123,103,84,147
279,Cat-Train (774).jpeg,27,150,76,38
280,Cat-Train (1733).jpeg,154,165,5,114
281,Cat-Train (317).jpeg,70,40,116,41
282,Cat-Train (1377).jpeg,6,42,13,115
283,Cat-Train (1009).jpeg,175,158,54,20
284,Cat-Train (1097).jpeg,135,133,75,81
285,Cat-Train (1048).jpeg,111,57,125,62
286,Cat-Train (542).jpeg,45,87,33,134
287,Cat-Train (1546).jpeg,145,159,87,47
288,Cat-Train (134).jpeg,141,165,50,89
289,Cat-Train (684).jpeg,173,112,100,2
290,Cat-Train (54).jpeg,60,50,9,87
291,Cat-Train (1401).jpeg,12,112,27,49
292,Cat-Train (844).jpeg,121,68,66,169
293,Cat-Train (1080).jpeg,18,79,175,47
294,Cat-Train (308).jpeg,85,30,85,151
295,Cat-Train (390).jpeg,170,161,110,151
296,Cat-Train (1745).jpeg,18,126,8,118
297,Cat-Train (524).jpeg,27,113,167,58
298,Cat-Train (444).jpeg,58,56,61,19
299,Cat-Train (460).jpeg,31,147,32,60
300,Cat-Train (1169).jpeg,3,86,71,106
301,Cat-Train (574).jpeg,42,160,146,128
302,Cat-Train (480).jpeg,71,48,164,2
303,Cat-Train (637).jpeg,147,121,86,29
304,Cat-Train (1222).jpeg,81,96,91,152
305,Cat-Train (899).jpeg,24,72,9,157
306,Cat-Train (5).jpg,20,144,80,36
307,Cat-Train (1859).jpeg,79,147,165,163
308,Cat-Train (1532).jpeg,66,43,21,23
309,Cat-Train (169).jpeg,101,153,42,112
310,Cat-Train (1454).jpeg,19,104,168,173
311,Cat-Train (1273).jpeg,13,127,19,80
312,Cat-Train (253).jpeg,85,120,98,121
313,Cat-Train (1551).jpeg,84,163,97,153
314,Cat-Train (1529).jpeg,99,14,135,50
315,Cat-Train (1404).jpeg,71,87,150,91
316,Cat-Train (1077).jpeg,154,18,80,21
317,Cat-Train (1215).jpeg,102,13,150,128
318,Cat-Train (1185).jpeg,56,1,72,106
319,Cat-Train (365).jpeg,129,36,11,47
320,Cat-Train (252).jpeg,48,27,8,25
321,Cat-Train (2).jpg,70,32,56,77
322,Cat-Train (482).jpeg,76,16,161,111
323,Cat-Train (983).jpeg,147,180,29,169
324,Cat-Train (989).jpeg,138,41,176,50
325,Cat-Train (1022).jpeg,103,150,76,126
326,Cat-Train (1416).jpeg,162,121,61,162
327,Cat-Train (246).jpeg,143,6,149,127
328,Cat-Train (1421).jpeg,133,83,150,15
329,Cat-Train (367).jpeg,82,90,133,43
330,Cat-Train (511).jpeg,140,27,64,8
331,Cat-Train (2).jpeg,98,133,167,168
332,Cat-Train (1361).jpeg,40,119,177,138
333,Cat-Train (1295).jpeg,0,174,129,57
334,Cat-Train (108).jpeg,71,129,171,68
335,Cat-Train (63).jpeg,35,49,29,152
336,Cat-Train (1867).jpeg,89,66,116,78
337,Cat-Train (1621).jpeg,156,97,0,132
338,Cat-Train (291).jpeg,55,1,88,3
339,Cat-Train (1210).jpeg,114,26,31,72
340,Cat-Train (711).jpeg,64,179,61,73
341,Cat-Train (1369).jpeg,179,89,108,165
342,Cat-Train (209).jpeg,132,13,54,133
343,Cat-Train (1813).jpeg,52,45,103,20
344,Cat-Train (1143).jpeg,84,145,61,21
345,Cat-Train (419).jpeg,166,8,118,77
346,Cat-Train (1074).jpeg,6,135,140,32
347,Cat-Train (426).jpeg,18,141,157,40
348,Cat-Train (4).jpeg,29,25,161,45
349,Cat-Train (668).jpeg,13,147,1,24
350,Cat-Train (707).jpeg,56,94,121,74
351,Cat-Train (925).jpeg,125,7,138,143
352,Cat-Train (505).jpeg,155,157,156,16
353,Cat-Train (1788).jpeg,74,62,130,84
354,Cat-Train (1396).jpeg,58,143,153,123
355,Cat-Train (629).jpeg,102,2,171,88
356,Cat-Train (1317).jpeg,139,144,96,162
357,Cat-Train (718).jpeg,154,128,88,103
358,Cat-Train (1631).jpeg,176,126,92,95
359,Cat-Train (1644).jpeg,133,112,100,141
360,Cat-Train (202).jpeg,138,75,179,29
361,Cat-Train (216).jpeg,43,142,180,143
362,Cat-Train (1826).jpeg,127,127,106,28
363,Cat-Train (1486).jpeg,95,163,110,39
364,Cat-Train (820).jpeg,134,166,36,41
365,Cat-Train (1313).jpeg,94,138,10,6
366,Cat-Train (832).jpeg,95,50,84,127
367,Cat-Train (1423).jpeg,21,134,24,16
368,Cat-Train (1353).jpeg,95,81,18,38
369,Cat-Train (1617).jpeg,10,33,129,121
370,Cat-Train (2).png,64,15,14,38
371,Cat-Train (1873).jpeg,57,71,4,126
372,Cat-Train (1272).jpeg,137,91,151,4
373,Cat-Train (498).jpeg,46,142,73,55
374,Cat-Train (824).jpeg,70,32,27,50
375,Cat-Train (295).jpeg,129,70,143,2
376,Cat-Train (1889).jpeg,158,65,16,67
377,Cat-Train (1108).jpeg,39,14,32,175
378,Cat-Train (1772).jpeg,128,149,25,49
379,Cat-Train (1054).jpeg,50,133,117,69
380,Cat-Train (1590).jpeg,40,98,129,25
381,Cat-Train (1487).jpeg,99,160,175,92
382,Cat-Train (665).jpeg,111,35,60,14
383,Cat-Train (1356).jpeg,107,38,11,157
384,Cat-Train (1136).jpeg,80,33,152,72
385,Cat-Train (275).jpeg,162,80,63,71
386,Cat-Train (1355).jpeg,148,169,176,120
387,Cat-Train (335).jpeg,165,153,39,173
388,Cat-Train (1499).jpeg,24,85,94,125
389,Cat-Train (1922).jpeg,22,95,107,90
390,Cat-Train (610).jpeg,100,144,103,125
391,Cat-Train (496).jpeg,73,100,135,28
392,Cat-Train (1030).jpeg,86,59,17,17
393,Cat-Train (1912).jpeg,119,123,175,15
394,Cat-Train (42).jpg,34,98,0,69
395,Cat-Train (916).jpeg,68,113,135,61
396,Cat-Train (332).jpeg,47,30,28,177
397,Cat-Train (1131).jpeg,33,97,42,63
398,Cat-Train (1339).jpeg,104,173,52,180
399,Cat-Train (520).jpeg,157,20,111,27
400,Cat-Train (970).jpeg,103,66,83,116
401,Cat-Train (1799).jpeg,79,38,3,111
402,Cat-Train (47).jpg,22,20,139,1
403,Cat-Train (44).jpeg,9,151,81,38
404,Cat-Train (164).jpeg,180,141,1,104
405,Cat-Train (691).jpeg,105,139,158,95
406,Cat-Train (1466).jpeg,176,147,40,53
407,Cat-Train (1474).jpeg,50,159,97,56
408,Cat-Train (1004).jpeg,90,92,68,73
409,Cat-Train (835).jpeg,168,138,66,154
410,Cat-Train (1040).jpeg,96,150,143,173
411,Cat-Train (1107).jpeg,107,145,149,64
412,Cat-Train (1639).jpeg,127,137,35,129
413,Cat-Train (680).jpeg,24,176,127,30
414,Cat-Train (120).jpeg,87,170,57,126
415,Cat-Train (843).jpeg,18,71,29,21
416,Cat-Train (1033).jpeg,4,10,2,35
417,Cat-Train (48).jpeg,60,107,52,155
418,Cat-Train (785).jpeg,104,160,101,120
419,Cat-Train (461).jpeg,107,46,133,13
420,Cat-Train (1297).jpeg,174,104,93,85
421,Cat-Train (796).jpeg,114,134,73,22
422,Cat-Train (581).jpeg,105,169,168,110
423,Cat-Train (1160).jpeg,1,109,5,140
424,Cat-Train (43).jpeg,106,157,107,158
425,Cat-Train (1818).jpeg,91,58,151,131
426,Cat-Train (936).jpeg,58,38,44,109
427,Cat-Train (985).jpeg,163,17,164,126
428,Cat-Train (228).jpeg,176,100,82,10
429,Cat-Train (1302).jpeg,92,114,143,79
430,Cat-Train (1597).jpeg,106,170,46,20
431,Cat-Train (3).png,15,143,75,147
432,Cat-Train (1638).jpeg,15,111,1,122
433,Cat-Train (1715).jpeg,144,109,115,81
434,Cat-Train (589).jpeg,47,168,80,23
435,Cat-Train (1778).jpeg,92,139,30,55
436,Cat-Train (238).jpeg,32,98,137,8
437,Cat-Train (23).jpg,64,67,120,169
438,Cat-Train (1515).jpeg,141,36,24,180
439,Cat-Train (1062).jpeg,83,44,156,151
440,Cat-Train (1044).jpeg,69,67,133,119
441,Cat-Train (1557).jpeg,135,60,26,139
442,Cat-Train (1314).jpeg,164,106,31,76
443,Cat-Train (751).jpeg,87,27,45,47
444,Cat-Train (945).jpeg,47,91,136,81
445,Cat-Train (391).jpeg,151,91,133,89
446,Cat-Train (761).jpeg,119,61,110,111
447,Cat-Train (977).jpeg,18,167,171,98
448,Cat-Train (29).jpeg,127,77,126,145
449,Cat-Train (612).jpeg,76,176,173,118
450,Cat-Train (1002).jpeg,85,70,126,135
451,Cat-Train (1018).jpeg,28,58,124,175
452,Cat-Train (165).jpeg,119,82,3,126
453,Cat-Train (190).jpeg,12,87,178,90
454,Cat-Train (128).jpeg,79,74,99,65
455,Cat-Train (451).jpeg,66,58,80,109
456,Cat-Train (1304).jpeg,176,132,103,9
457,Cat-Train (941).jpeg,95,52,16,106
458,Cat-Train (950).jpeg,170,100,8,165
459,Cat-Train (1093).jpeg,48,51,15,91
460,Cat-Train (102).jpeg,83,144,57,163
461,Cat-Train (1827).jpeg,152,120,29,162
462,Cat-Train (138).jpeg,38,28,169,105
463,Cat-Train (153).jpeg,135,98,8,2
464,Cat-Train (1012).jpeg,13,111,44,36
465,Cat-Train (1290).jpeg,177,87,157,113
466,Cat-Train (837).jpeg,167,20,176,141
467,Cat-Train (881).jpeg,137,83,3,83
468,Cat-Train (1910).jpeg,176,128,117,55
469,Cat-Train (1063).jpeg,159,51,43,15
470,Cat-Train (1155).jpeg,127,89,5,112
471,Cat-Train (288).jpeg,58,139,18,73
472,Cat-Train (248).jpeg,79,96,111,44
473,Cat-Train (1448).jpeg,53,100,20,117
474,Cat-Train (292).jpeg,95,32,96,113
475,Cat-Train (1923).jpeg,23,87,121,37
476,Cat-Train (137).jpeg,67,79,118,75
477,Cat-Train (194).jpeg,180,83,32,37
478,Cat-Train (235).jpeg,87,65,131,150
479,Cat-Train (199).jpeg,57,45,116,169
480,Cat-Train (40).jpeg,99,25,133,164
481,Cat-Train (1842).jpeg,76,41,177,124
482,Cat-Train (769).jpeg,121,26,130,17
483,Cat-Train (1635).jpeg,28,116,108,29
484,Cat-Train (744).jpeg,17,98,46,31
485,Cat-Train (239).jpeg,61,25,60,143
486,Cat-Train (552).jpeg,127,171,25,164
487,Cat-Train (1172).jpeg,28,149,150,158
488,Cat-Train (565).jpeg,179,19,85,48
489,Cat-Train (1189).jpeg,180,112,67,47
490,Cat-Train (534).jpeg,154,54,0,162
491,Cat-Train (1418).jpeg,164,6,34,33
492,Cat-Train (682).jpeg,114,99,18,126
493,Cat-Train (1444).jpeg,83,107,108,146
494,Cat-Train (1269).jpeg,137,126,80,50
495,Cat-Train (1914).jpeg,12,18,13,97
496,Cat-Train (501).jpeg,85,140,180,169
497,Cat-Train (1767).jpeg,81,152,142,112
498,Cat-Train (1640).jpeg,170,72,105,154
499,Cat-Train (1921).jpeg,104,85,76,155
500,Cat-Train (161).jpeg,101,130,104,40
501,Cat-Train (1409).jpeg,89,180,0,141
502,Cat-Train (1344).jpeg,44,162,46,147
503,Cat-Train (1738).jpeg,166,143,71,83
504,Cat-Train (802).jpeg,48,148,58,179
505,Cat-Train (16).jpeg,128,102,69,68
506,Cat-Train (1228).jpeg,155,33,129,87
507,Cat-Train (697).jpeg,120,155,132,117
508,Cat-Train (1149).jpeg,29,71,175,157
509,Cat-Train (1594).jpeg,143,49,142,75
510,Cat-Train (1575).jpeg,96,161,73,146
511,Cat-Train (1636).jpeg,45,97,176,73
512,Cat-Train (1623).jpeg,5,79,47,7
513,Cat-Train (172).jpeg,89,18,66,121
514,Cat-Train (626).jpeg,116,24,180,45
515,Cat-Train (1516).jpeg,16,113,6,101
516,Cat-Train (911).jpeg,0,83,172,23
517,Cat-Train (1835).jpeg,33,162,29,80
518,Cat-Train (1770).jpeg,16,94,33,15
519,Cat-Train (1352).jpeg,3,2,21,124
520,Cat-Train (956).jpeg,48,12,174,4
521,Cat-Train (1373).jpeg,11,50,179,115
522,Cat-Train (1699).jpeg,119,151,10,149
523,Cat-Train (859).jpeg,99,116,173,73
524,Cat-Train (378).jpeg,57,92,63,58
525,Cat-Train (649).jpeg,106,132,88,46
526,Cat-Train (1880).jpeg,135,179,68,70
527,Cat-Train (1303).jpeg,58,35,111,144
528,Cat-Train (929).jpeg,67,142,26,1
529,Cat-Train (1437).jpeg,129,89,31,74
530,Cat-Train (538).jpeg,142,83,8,50
531,Cat-Train (1247).jpeg,24,94,123,11
532,Cat-Train (662).jpeg,16,139,163,169
533,Cat-Train (1761).jpeg,153,111,128,165
534,Cat-Train (852).jpeg,138,135,137,81
535,Cat-Train (123).jpeg,22,32,11,55
536,Cat-Train (427).jpeg,89,137,10,125
537,Cat-Train (924).jpeg,14,156,66,39
538,Cat-Train (1434).jpeg,24,113,149,117
539,Cat-Train (1078).jpeg,11,173,161,19
540,Cat-Train (338).jpeg,128,78,42,4
541,Cat-Train (568).jpeg,5,3,141,138
542,Cat-Train (651).jpeg,166,62,140,49
543,Cat-Train (782).jpeg,68,90,125,105
544,Cat-Train (698).jpeg,19,39,147,50
545,Cat-Train (130).jpeg,160,180,107,97
546,Cat-Train (31).jpeg,172,73,94,154
547,Cat-Train (696).jpeg,137,101,1,17
548,Cat-Train (200).jpeg,1,131,32,51
549,Cat-Train (189).jpeg,132,58,77,71
550,Cat-Train (1562).jpeg,144,145,122,110
551,Cat-Train (1729).jpeg,50,12,71,63
552,Cat-Train (912).jpeg,116,60,60,118
553,Cat-Train (592).jpeg,173,165,17,0
554,Cat-Train (1260).jpeg,106,157,20,145
555,Cat-Train (1123).jpeg,86,54,80,106
556,Cat-Train (473).jpeg,158,76,155,30
557,Cat-Train (741).jpeg,180,42,142,174
558,Cat-Train (1630).jpeg,35,117,107,73
559,Cat-Train (1815).jpeg,77,73,21,35
560,Cat-Train (1263).jpeg,100,163,113,72
561,Cat-Train (1753).jpeg,148,60,142,23
562,Cat-Train (586).jpeg,17,45,29,91
563,Cat-Train (790).jpeg,179,80,172,47
564,Cat-Train (1287).jpeg,105,71,154,168
565,Cat-Train (614).jpeg,4,30,96,42
566,Cat-Train (1795).jpeg,167,175,152,117
567,Cat-Train (333).jpeg,140,51,169,160
568,Cat-Train (879).jpeg,121,75,33,40
569,Cat-Train (179).jpeg,91,55,39,47
570,Cat-Train (268).jpeg,143,112,42,148
571,Cat-Train (142).jpeg,31,93,171,178
572,Cat-Train (973).jpeg,115,162,165,128
573,Cat-Train (607).jpeg,124,56,98,97
574,Cat-Train (271).jpeg,49,40,98,158
575,Cat-Train (1335).jpeg,62,170,99,152
576,Cat-Train (267).jpeg,50,169,133,46
577,Cat-Train (1128).jpeg,2,130,124,132
578,Cat-Train (343).jpeg,161,96,143,167
579,Cat-Train (987).jpeg,32,156,113,161
580,Cat-Train (1289).jpeg,167,24,62,78
581,Cat-Train (759).jpeg,77,164,128,94
582,Cat-Train (781).jpeg,19,159,98,84
583,Cat-Train (353).jpeg,176,164,23,30
584,Cat-Train (1693).jpeg,157,99,178,35
585,Cat-Train (1212).jpeg,54,96,76,34
586,Cat-Train (1156).jpeg,45,56,16,105
587,Cat-Train (1721).jpeg,139,31,119,11
588,Cat-Train (882).jpeg,123,83,159,74
589,Cat-Train (643).jpeg,55,20,145,33
590,Cat-Train (1482).jpeg,99,28,121,51
591,Cat-Train (1599).jpeg,119,21,105,38
592,Cat-Train (1342).jpeg,45,45,164,64
593,Cat-Train (1933).jpeg,133,128,100,107
594,Cat-Train (804).jpeg,125,121,68,166
595,Cat-Train (1461).jpeg,114,61,72,90
596,Cat-Train (1180).jpeg,134,105,76,64
597,Cat-Train (747).jpeg,139,180,92,103
598,Cat-Train (609).jpeg,86,121,6,118
599,Cat-Train (654).jpeg,64,47,97,82
600,Cat-Train (475).jpeg,161,128,176,101
601,Cat-Train (17).jpeg,72,79,116,137
602,Cat-Train (595).jpeg,143,16,109,90
603,Cat-Train (938).jpeg,45,172,155,156
604,Cat-Train (25).jpg,42,64,89,114
605,Cat-Train (659).jpeg,111,124,80,64
606,Cat-Train (1552).jpeg,155,175,151,53
607,Cat-Train (1239).jpeg,174,117,147,60
608,Cat-Train (32).jpg,105,10,97,19
609,Cat-Train (593).jpeg,44,162,1,116
610,Cat-Train (1315).jpeg,85,52,46,16
611,Cat-Train (96).jpeg,75,76,112,169
612,Cat-Train (476).jpeg,119,82,126,94
613,Cat-Train (45).jpeg,110,165,88,165
614,Cat-Train (927).jpeg,163,56,27,131
615,Cat-Train (1708).jpeg,108,104,27,47
616,Cat-Train (1385).jpeg,82,114,34,65
617,Cat-Train (1734).jpeg,100,43,39,62
618,Cat-Train (1884).jpeg,16,4,65,114
619,Cat-Train (1147).jpeg,149,174,164,77
620,Cat-Train (1670).jpeg,112,167,95,63
621,Cat-Train (1495).jpeg,43,165,149,136
622,Cat-Train (717).jpeg,180,161,79,26
623,Cat-Train (103).jpeg,153,83,176,33
624,Cat-Train (1586).jpeg,17,97,54,175
625,Cat-Train (1730).jpeg,102,62,18,62
626,Cat-Train (11).jpeg,128,84,17,103
627,Cat-Train (514).jpeg,34,171,176,110
628,Cat-Train (36).jpg,109,21,21,79
629,Cat-Train (1508).jpeg,126,15,122,26
630,Cat-Train (1017).jpeg,12,142,19,172
631,Cat-Train (865).jpeg,144,157,71,47
632,Cat-Train (1051).jpeg,39,22,72,67
633,Cat-Train (64).jpeg,145,22,56,42
634,Cat-Train (1325).jpeg,141,94,113,93
635,Cat-Train (1507).jpeg,152,148,104,6
636,Cat-Train (247).jpeg,16,2,178,151
637,Cat-Train (1407).jpeg,52,147,135,104
638,Cat-Train (768).jpeg,88,16,46,139
639,Cat-Train (502).jpeg,146,41,54,1
640,Cat-Train (1824).jpeg,52,10,16,21
641,Cat-Train (730).jpeg,125,2,35,111
642,Cat-Train (823).jpeg,140,11,94,72
643,Cat-Train (1483).jpeg,133,112,27,7
644,Cat-Train (857).jpeg,92,120,9,87
645,Cat-Train (1001).jpeg,30,38,80,44
646,Cat-Train (602).jpeg,73,85,64,31
647,Cat-Train (503).jpeg,119,116,131,39
648,Cat-Train (151).jpeg,180,174,66,23
649,Cat-Train (1781).jpeg,58,161,5,50
650,Cat-Train (1271).jpeg,20,141,13,97
651,Cat-Train (23).jpeg,16,27,36,88
652,Cat-Train (84).jpeg,26,128,34,38
653,Cat-Train (15).jpeg,7,81,61,164
654,Cat-Train (1191).jpeg,156,112,68,91
655,Cat-Train (584).jpeg,144,152,0,113
656,Cat-Train (1248).jpeg,82,48,143,161
657,Cat-Train (885).jpeg,8,133,171,118
658,Cat-Train (1465).jpeg,85,22,148,179
659,Cat-Train (801).jpeg,147,53,12,136
660,Cat-Train (20).jpg,34,51,151,136
661,Cat-Train (160).jpeg,11,49,35,21
662,Cat-Train (670).jpeg,54,10,30,103
663,Cat-Train (1288).jpeg,5,96,123,144
664,Cat-Train (1798).jpeg,76,121,115,124
665,Cat-Train (578).jpeg,79,137,152,123
666,Cat-Train (1440).jpeg,68,149,151,36
667,Cat-Train (499).jpeg,77,171,58,1
668,Cat-Train (723).jpeg,114,110,61,166
669,Cat-Train (1847).jpeg,153,105,137,152
670,Cat-Train (836).jpeg,11,72,121,167
671,Cat-Train (666).jpeg,123,132,67,95
672,Cat-Train (1216).jpeg,22,13,14,27
673,Cat-Train (1141).jpeg,75,10,96,86
674,Cat-Train (251).jpeg,16,142,85,8
675,Cat-Train (441).jpeg,89,3,88,33
676,Cat-Train (1709).jpeg,98,103,14,52
677,Cat-Train (1775).jpeg,80,163,164,53
678,Cat-Train (429).jpeg,96,92,133,32
679,Cat-Train (699).jpeg,177,26,140,92
680,Cat-Train (535).jpeg,151,38,139,148
681,Cat-Train (1690).jpeg,26,150,170,121
682,Cat-Train (258).jpeg,97,179,119,30
683,Cat-Train (961).jpeg,85,48,91,142
684,Cat-Train (1476).jpeg,34,166,36,31
685,Cat-Train (575).jpeg,116,85,156,44
686,Cat-Train (1807).jpeg,52,56,36,179
687,Cat-Train (1095).jpeg,91,106,21,88
688,Cat-Train (507).jpeg,61,47,86,57
689,Cat-Train (1081).jpeg,156,150,168,166
690,Cat-Train (1135).jpeg,124,47,68,167
691,Cat-Train (544).jpeg,124,90,6,79
692,Cat-Train (152).jpeg,111,172,102,108
693,Cat-Train (1220).jpeg,33,50,43,57
694,Cat-Train (371).jpeg,23,84,158,43
695,Cat-Train (1899).jpeg,69,178,85,69
696,Cat-Train (19).jpeg,111,20,156,162
697,Cat-Train (1519).jpeg,161,92,79,9
698,Cat-Train (825).jpeg,11,8,75,4
699,Cat-Train (601).jpeg,95,92,104,166
700,Cat-Train (942).jpeg,91,36,87,151
701,Cat-Train (1175).jpeg,130,53,122,93
702,Cat-Train (1885).jpeg,19,174,171,118
703,Cat-Train (337).jpeg,28,103,60,128
704,Cat-Train (1195).jpeg,157,13,10,113
705,Cat-Train (49).jpeg,76,70,1,138
706,Cat-Train (104).jpeg,90,160,32,99
707,Cat-Train (1283).jpeg,92,67,175,175
708,Cat-Train (1412).jpeg,3,135,86,74
709,Cat-Train (551).jpeg,63,165,122,175
710,Cat-Train (1879).jpeg,122,74,102,157
711,Cat-Train (1893).jpeg,67,20,37,83
712,Cat-Train (1911).jpeg,5,69,171,62
713,Cat-Train (694).jpeg,4,141,39,88
714,Cat-Train (946).jpeg,126,6,145,30
715,Cat-Train (1749).jpeg,77,23,70,22
716,Cat-Train (965).jpeg,152,100,18,94
717,Cat-Train (633).jpeg,76,45,67,16
718,Cat-Train (671).jpeg,36,59,162,113
719,Cat-Train (1724).jpeg,22,72,30,111
720,Cat-Train (1092).jpeg,78,111,81,60
721,Cat-Train (115).jpeg,163,70,109,59
722,Cat-Train (112).jpeg,138,107,154,147
723,Cat-Train (778).jpeg,35,173,11,77
724,Cat-Train (1158).jpeg,143,35,57,53
725,Cat-Train (1509).jpeg,158,47,105,29
726,Cat-Train (150).jpeg,55,115,25,60
727,Cat-Train (262).jpeg,105,8,162,176
728,Cat-Train (1583).jpeg,68,56,165,105
729,Cat-Train (232).jpeg,178,18,40,95
730,Cat-Train (417).jpeg,4,143,50,48
731,Cat-Train (303).jpeg,2,70,143,115
732,Cat-Train (98).jpeg,29,70,152,29
733,Cat-Train (1916).jpeg,127,101,98,174
734,Cat-Train (1207).jpeg,53,18,45,150
735,Cat-Train (1145).jpeg,61,143,167,65
736,Cat-Train (928).jpeg,102,53,5,149
737,Cat-Train (1045).jpeg,33,76,96,120
738,Cat-Train (963).jpeg,39,56,30,137
739,Cat-Train (464).jpeg,175,64,180,7
740,Cat-Train (384).jpeg,150,180,117,88
741,Cat-Train (1103).jpeg,56,31,19,130
742,Cat-Train (452).jpeg,60,162,66,89
743,Cat-Train (1776).jpeg,116,129,31,88
744,Cat-Train (1918).jpeg,108,80,59,53
745,Cat-Train (1245).jpeg,120,165,20,33
746,Cat-Train (1711).jpeg,6,16,101,4
747,Cat-Train (356).jpeg,72,93,12,17
748,Cat-Train (336).jpeg,6,91,128,75
749,Cat-Train (1722).jpeg,157,132,123,151
750,Cat-Train (1234).jpeg,106,63,111,37
751,Cat-Train (1427).jpeg,115,109,144,0
752,Cat-Train (1113).jpeg,62,0,125,21
753,Cat-Train (46).jpg,73,87,170,3
754,Cat-Train (350).jpeg,127,145,8,74
755,Cat-Train (467).jpeg,141,180,64,170
756,Cat-Train (755).jpeg,143,177,53,111
757,Cat-Train (16).jpg,144,162,113,121
758,Cat-Train (1055).jpeg,13,2,64,5
759,Cat-Train (329).jpeg,81,55,118,60
760,Cat-Train (1667).jpeg,19,79,46,173
761,Cat-Train (1088).jpeg,106,20,50,97
762,Cat-Train (1326).jpeg,35,35,149,140
763,Cat-Train (739).jpeg,143,92,162,164
764,Cat-Train (1305).jpeg,53,88,112,21
765,Cat-Train (1240).jpeg,62,71,165,126
766,Cat-Train (721).jpeg,115,0,74,143
767,Cat-Train (1881).jpeg,56,77,85,175
768,Cat-Train (1679).jpeg,94,93,168,87
769,Cat-Train (625).jpeg,145,21,61,150
770,Cat-Train (1494).jpeg,166,131,26,95
771,Cat-Train (114).jpeg,168,11,57,130
772,Cat-Train (1023).jpeg,40,133,80,6
773,Cat-Train (563).jpeg,106,161,82,111
774,Cat-Train (1357).jpeg,8,107,88,84
775,Cat-Train (1233).jpeg,131,72,13,40
776,Cat-Train (211).jpeg,180,62,81,168
777,Cat-Train (926).jpeg,158,100,16,82
778,Cat-Train (1565).jpeg,88,6,112,99
779,Cat-Train (870).jpeg,10,40,46,20
780,Cat-Train (616).jpeg,96,168,34,58
781,Cat-Train (244).jpeg,71,51,7,94
782,Cat-Train (442).jpeg,31,55,148,171
783,Cat-Train (1084).jpeg,113,0,6,76
784,Cat-Train (1447).jpeg,77,102,168,84
785,Cat-Train (1127).jpeg,79,56,43,24
786,Cat-Train (1741).jpeg,165,35,178,84
787,Cat-Train (1230).jpeg,174,161,72,86
788,Cat-Train (695).jpeg,11,22,30,68
789,Cat-Train (53).jpg,176,154,134,16
790,Cat-Train (166).jpeg,45,65,96,58
791,Cat-Train (1428).jpeg,31,1,8,176
792,Cat-Train (522).jpeg,20,36,100,148
793,Cat-Train (1591).jpeg,72,145,168,149
794,Cat-Train (1171).jpeg,94,161,7,160
795,Cat-Train (242).jpeg,117,134,39,44
796,Cat-Train (615).jpeg,125,0,57,63
797,Cat-Train (1264).jpeg,0,81,131,50
798,Cat-Train (1429).jpeg,142,78,72,12
799,Cat-Train (1517).jpeg,32,156,81,162
800,Cat-Train (42).jpeg,102,139,148,56
801,Cat-Train (358).jpeg,105,170,79,16
802,Cat-Train (1685).jpeg,137,93,62,15
803,Cat-Train (1705).jpeg,34,128,95,152
804,Cat-Train (786).jpeg,78,104,167,154
805,Cat-Train (570).jpeg,147,154,83,84
806,Cat-Train (222).jpeg,10,62,30,92
807,Cat-Train (543).jpeg,165,113,44,59
808,Cat-Train (1324).jpeg,0,173,49,159
809,Cat-Train (877).jpeg,81,163,19,114
810,Cat-Train (351).jpeg,154,151,42,89
811,Cat-Train (994).jpeg,43,53,163,79
812,Cat-Train (198).jpeg,3,33,159,74
813,Cat-Train (1057).jpeg,14,82,6,102
814,Cat-Train (1198).jpeg,137,163,101,34
815,Cat-Train (866).jpeg,142,92,29,128
816,Cat-Train (944).jpeg,161,20,143,156
817,Cat-Train (1394).jpeg,117,6,65,144
818,Cat-Train (155).jpeg,2,45,23,33
819,Cat-Train (1477).jpeg,125,179,40,124
820,Cat-Train (1349).jpeg,154,157,157,36
821,Cat-Train (653).jpeg,136,8,60,145
822,Cat-Train (372).jpeg,109,61,56,147
823,Cat-Train (1341).jpeg,52,56,73,120
824,Cat-Train (660).jpeg,66,139,12,147
825,Cat-Train (357).jpeg,59,3,144,68
826,Cat-Train (1148).jpeg,65,135,85,75
827,Cat-Train (943).jpeg,91,50,94,113
828,Cat-Train (10).jpeg,63,120,51,98
829,Cat-Train (1438).jpeg,83,138,96,49
830,Cat-Train (1864).jpeg,157,147,31,33
831,Cat-Train (36).jpeg,160,116,70,71
832,Cat-Train (540).jpeg,125,179,68,75
833,Cat-Train (863).jpeg,72,87,102,60
834,Cat-Train (65).jpeg,137,7,88,36
835,Cat-Train (1810).jpeg,44,43,110,7
836,Cat-Train (436).jpeg,169,135,9,154
837,Cat-Train (993).jpeg,117,11,102,106
838,Cat-Train (1689).jpeg,91,76,13,89
839,Cat-Train (571).jpeg,107,73,104,15
840,Cat-Train (1563).jpeg,170,165,53,17
841,Cat-Train (313).jpeg,44,68,141,40
842,Cat-Train (921).jpeg,161,43,4,134
843,Cat-Train (530).jpeg,17,79,96,95
844,Cat-Train (1059).jpeg,139,91,135,114
845,Cat-Train (1506).jpeg,153,148,4,81
846,Cat-Train (1133).jpeg,119,10,179,39
847,Cat-Train (676).jpeg,113,56,62,151
848,Cat-Train (771).jpeg,94,56,80,180
849,Cat-Train (1890).jpeg,123,79,180,128
850,Cat-Train (1704).jpeg,90,159,50,66
851,Cat-Train (107).jpeg,1,117,71,82
852,Cat-Train (1204).jpeg,60,50,137,123
853,Cat-Train (1011).jpeg,62,81,154,167
854,Cat-Train (90).jpeg,178,73,83,2
855,Cat-Train (1790).jpeg,19,114,137,73
856,Cat-Train (1168).jpeg,161,131,84,164
857,Cat-Train (1066).jpeg,156,160,9,39
858,Cat-Train (1668).jpeg,5,148,152,55
859,Cat-Train (345).jpeg,33,146,20,116
860,Cat-Train (791).jpeg,49,174,110,180
861,Cat-Train (1208).jpeg,130,102,131,167
862,Cat-Train (548).jpeg,144,53,144,130
863,Cat-Train (1582).jpeg,48,173,101,176
864,Cat-Train (907).jpeg,17,173,29,114
865,Cat-Train (703).jpeg,92,60,20,49
866,Cat-Train (728).jpeg,66,126,150,87
867,Cat-Train (1607).jpeg,86,153,109,147
868,Cat-Train (1200).jpeg,73,3,163,142
869,Cat-Train (1214).jpeg,161,46,123,98
870,Cat-Train (59).jpeg,107,115,112,163
871,Cat-Train (1707).jpeg,120,159,7,92
872,Cat-Train (591).jpeg,44,140,97,73
873,Cat-Train (366).jpeg,146,154,58,154
874,Cat-Train (255).jpeg,48,164,62,161
875,Cat-Train (1712).jpeg,22,139,4,6
876,Cat-Train (1007).jpeg,67,94,110,93
877,Cat-Train (1183).jpeg,175,121,117,101
878,Cat-Train (1803).jpeg,18,81,110,74
879,Cat-Train (158).jpeg,54,148,170,177
880,Cat-Train (619).jpeg,172,134,132,155
881,Cat-Train (34).jpg,120,162,48,23
882,Cat-Train (219).jpeg,152,8,88,85
883,Cat-Train (404).jpeg,159,36,43,87
884,Cat-Train (1453).jpeg,83,1,164,130
885,Cat-Train (840).jpeg,159,16,175,87
886,Cat-Train (604).jpeg,44,157,9,165
887,Cat-Train (80).jpeg,101,132,130,9
888,Cat-Train (714).jpeg,29,107,47,139
889,Cat-Train (1311).jpeg,21,156,51,54
890,Cat-Train (558).jpeg,84,17,144,25
891,Cat-Train (795).jpeg,118,167,5,86
892,Cat-Train (1426).jpeg,18,120,118,91
893,Cat-Train (733).jpeg,175,107,17,173
894,Cat-Train (1929).jpeg,40,114,41,100
895,Cat-Train (377).jpeg,33,180,79,83
896,Cat-Train (661).jpeg,42,142,137,66
897,Cat-Train (1087).jpeg,67,38,3,55
898,Cat-Train (957).jpeg,30,89,108,27
899,Cat-Train (1906).jpeg,170,65,16,114
900,Cat-Train (1938).jpeg,117,87,109,165
901,Cat-Train (395).jpeg,179,38,57,93
902,Cat-Train (805).jpeg,78,117,137,56
903,Cat-Train (1678).jpeg,19,103,156,23
904,Cat-Train (68).jpeg,90,11,101,176
905,Cat-Train (380).jpeg,21,157,27,47
906,Cat-Train (564).jpeg,17,125,167,155
907,Cat-Train (1878).jpeg,11,11,51,87
908,Cat-Train (51).jpg,179,122,29,39
909,Cat-Train (1238).jpeg,161,24,81,67
910,Cat-Train (1908).jpeg,80,55,91,8
911,Cat-Train (817).jpeg,151,79,70,127
912,Cat-Train (196).jpeg,20,82,43,96
913,Cat-Train (508).jpeg,157,75,79,82
914,Cat-Train (1443).jpeg,45,154,10,43
915,Cat-Train (1027).jpeg,103,80,43,23
916,Cat-Train (280).jpeg,97,134,82,105
917,Cat-Train (1265).jpeg,77,100,27,83
918,Cat-Train (203).jpeg,84,21,56,140
919,Cat-Train (833).jpeg,36,143,161,2
920,Cat-Train (1277).jpeg,34,110,24,9
921,Cat-Train (1656).jpeg,103,122,120,61
922,Cat-Train (274).jpeg,5,143,17,39
923,Cat-Train (758).jpeg,29,17,70,49
924,Cat-Train (968).jpeg,136,99,7,29
925,Cat-Train (1681).jpeg,53,102,165,37
926,Cat-Train (1076).jpeg,82,22,110,53
927,Cat-Train (1637).jpeg,160,109,51,76
928,Cat-Train (777).jpeg,160,0,99,102
929,Cat-Train (443).jpeg,120,117,50,172
930,Cat-Train (1205).jpeg,83,105,79,166
931,Cat-Train (920).jpeg,55,149,84,160
932,Cat-Train (13).jpeg,57,137,59,19
933,Cat-Train (279).jpeg,34,99,32,40
934,Cat-Train (1340).jpeg,30,11,56,103
935,Cat-Train (1578).jpeg,158,48,19,34
936,Cat-Train (450).jpeg,96,147,158,37
937,Cat-Train (1383).jpeg,46,163,10,70
938,Cat-Train (547).jpeg,60,172,126,55
939,Cat-Train (1436).jpeg,14,138,1,140
940,Cat-Train (206).jpeg,111,33,65,36
941,Cat-Train (826).jpeg,124,154,13,170
942,Cat-Train (1717).jpeg,135,153,40,139
943,Cat-Train (1144).jpeg,16,150,164,75
944,Cat-Train (1626).jpeg,175,164,152,117
945,Cat-Train (1806).jpeg,108,97,165,106
946,Cat-Train (397).jpeg,146,151,13,15
947,Cat-Train (773).jpeg,116,59,33,24
948,Cat-Train (1840).jpeg,93,68,2,135
949,Cat-Train (561).jpeg,84,142,148,62
950,Cat-Train (677).jpeg,146,130,165,138
951,Cat-Train (1159).jpeg,147,28,76,110
952,Cat-Train (1804).jpeg,119,155,125,66
953,Cat-Train (118).jpeg,121,139,93,180
954,Cat-Train (1464).jpeg,5,59,142,23
955,Cat-Train (1242).jpeg,133,86,97,134
956,Cat-Train (1511).jpeg,91,135,17,70
957,Cat-Train (954).jpeg,161,89,33,30
958,Cat-Train (1643).jpeg,28,141,137,46
959,Cat-Train (1225).jpeg,51,142,116,83
960,Cat-Train (46).jpeg,25,79,81,78
961,Cat-Train (779).jpeg,61,33,96,175
962,Cat-Train (27).jpeg,158,62,164,34
963,Cat-Train (1480).jpeg,70,139,109,118
964,Cat-Train (585).jpeg,112,13,178,177
965,Cat-Train (1284).jpeg,130,0,30,125
966,Cat-Train (296).jpeg,73,16,118,95
967,Cat-Train (92).jpeg,92,162,87,148
968,Cat-Train (1819).jpeg,65,141,0,94
969,Cat-Train (129).jpeg,115,22,139,124
970,Cat-Train (1935).jpeg,13,108,139,172
971,Cat-Train (639).jpeg,11,11,83,13
972,Cat-Train (1025).jpeg,22,108,144,35
973,Cat-Train (1773).jpeg,142,156,28,133
974,Cat-Train (939).jpeg,154,90,172,86
975,Cat-Train (1053).jpeg,27,43,147,171
976,Cat-Train (25).jpeg,24,0,72,43
977,Cat-Train (1058).jpeg,70,11,124,95
978,Cat-Train (635).jpeg,29,1,146,59
979,Cat-Train (147).jpeg,23,145,63,178
980,Cat-Train (1179).jpeg,134,63,112,56
981,Cat-Train (799).jpeg,112,160,143,65
982,Cat-Train (1762).jpeg,178,65,113,30
983,Cat-Train (428).jpeg,149,79,114,51
984,Cat-Train (1330).jpeg,28,121,101,83
985,Cat-Train (533).jpeg,37,74,118,173
986,Cat-Train (869).jpeg,110,38,49,108
987,Cat-Train (953).jpeg,138,23,1,29
988,Cat-Train (1104).jpeg,178,40,166,3
989,Cat-Train (144).jpeg,140,40,107,14
990,Cat-Train (485).jpeg,97,161,129,137
991,Cat-Train (569).jpeg,161,44,64,141
992,Cat-Train (149).jpeg,99,169,150,113
993,Cat-Train (748).jpeg,153,47,120,64
994,Cat-Train (624).jpeg,69,109,115,25
995,Cat-Train (4).jpg,177,59,160,149
996,Cat-Train (331).jpeg,163,14,64,26
997,Cat-Train (468).jpeg,111,23,24,23
998,Cat-Train (346).jpeg,134,109,59,12
999,Cat-Train (312).jpeg,89,98,106,90
1000,Cat-Train (497).jpeg,112,11,138,159
1001,Cat-Train (1281).jpeg,134,170,49,22
1002,Cat-Train (1561).jpeg,104,110,157,146
1003,Cat-Train (462).jpeg,81,166,3,63
1004,Cat-Train (763).jpeg,56,142,95,159
1005,Cat-Train (1378).jpeg,163,28,136,13
1006,Cat-Train (126).jpeg,80,130,145,72
1007,Cat-Train (1433).jpeg,29,144,160,75
1008,Cat-Train (1766).jpeg,71,20,18,71
1009,Cat-Train (1318).jpeg,93,74,56,179
1010,Cat-Train (3).jpeg,98,112,109,56
1011,Cat-Train (888).jpeg,157,19,5,24
1012,Cat-Train (259).jpeg,118,118,43,25
1013,Cat-Train (379).jpeg,152,140,83,9
1014,Cat-Train (71).jpeg,113,47,26,119
1015,Cat-Train (1528).jpeg,18,26,171,128
1016,Cat-Train (1848).jpeg,32,156,78,160
1017,Cat-Train (1294).jpeg,61,17,26,122
1018,Cat-Train (1089).jpeg,137,169,103,14
1019,Cat-Train (999).jpeg,3,138,115,49
1020,Cat-Train (1558).jpeg,137,132,46,34
1021,Cat-Train (347).jpeg,2,32,20,144
1022,Cat-Train (170).jpeg,22,85,166,7
1023,Cat-Train (1021).jpeg,13,58,72,101
1024,Cat-Train (412).jpeg,115,133,84,60
1025,Cat-Train (1190).jpeg,118,74,2,73
1026,Cat-Train (1861).jpeg,103,43,93,74
1027,Cat-Train (1648).jpeg,152,120,118,74
1028,Cat-Train (655).jpeg,83,100,139,88
1029,Cat-Train (416).jpeg,116,84,61,87
1030,Cat-Train (1871).jpeg,153,15,45,84
1031,Cat-Train (1121).jpeg,92,158,149,141
1032,Cat-Train (834).jpeg,14,27,94,142
1033,Cat-Train (1489).jpeg,136,89,161,56
1034,Cat-Train (1834).jpeg,156,143,173,49
1035,Cat-Train (483).jpeg,75,19,150,179
1036,Cat-Train (299).jpeg,56,41,175,45
1037,Cat-Train (842).jpeg,41,7,114,104
1038,Cat-Train (1285).jpeg,70,126,164,55
1039,Cat-Train (1874).jpeg,103,94,66,169
1040,Cat-Train (1855).jpeg,79,141,29,7
1041,Cat-Train (1392).jpeg,114,47,63,7
1042,Cat-Train (1530).jpeg,112,85,15,117
1043,Cat-Train (1430).jpeg,174,91,167,46
1044,Cat-Train (1472).jpeg,166,161,164,28
1045,Cat-Train (363).jpeg,139,2,144,133
1046,Cat-Train (1086).jpeg,26,134,16,170
1047,Cat-Train (1604).jpeg,122,29,28,17
1048,Cat-Train (392).jpeg,142,77,87,25
1049,Cat-Train (867).jpeg,50,136,31,176
1050,Cat-Train (1279).jpeg,134,72,168,135
1051,Cat-Train (1684).jpeg,26,106,14,89
1052,Cat-Train (1555).jpeg,111,146,57,139
1053,Cat-Train (1616).jpeg,49,122,167,59
1054,Cat-Train (1346).jpeg,2,91,161,63
1055,Cat-Train (1925).jpeg,153,47,34,80
1056,Cat-Train (1425).jpeg,0,118,9,75
1057,Cat-Train (1817).jpeg,161,172,55,16
1058,Cat-Train (1533).jpeg,10,88,89,129
1059,Cat-Train (1797).jpeg,100,69,139,138
1060,Cat-Train (33).jpg,163,140,37,157
1061,Cat-Train (1056).jpeg,40,2,82,31
1062,Cat-Train (1677).jpeg,159,20,135,15
1063,Cat-Train (1456).jpeg,26,55,68,84
1064,Cat-Train (154).jpeg,170,2,53,129
1065,Cat-Train (1748).jpeg,110,114,102,106
1066,Cat-Train (1898).jpeg,168,2,53,103
1067,Cat-Train (646).jpeg,51,165,14,85
1068,Cat-Train (70).jpeg,9,136,93,43
1069,Cat-Train (1365).jpeg,18,138,87,124
1070,Cat-Train (91).jpeg,117,163,6,154
1071,Cat-Train (1571).jpeg,54,81,168,57
1072,Cat-Train (1752).jpeg,103,35,161,17
1073,Cat-Train (28).jpeg,160,121,100,149
1074,Cat-Train (750).jpeg,151,59,160,74
1075,Cat-Train (647).jpeg,37,58,173,130
1076,Cat-Train (621).jpeg,77,165,39,104
1077,Cat-Train (318).jpeg,13,126,87,88
1078,Cat-Train (1070).jpeg,99,88,128,180
1079,Cat-Train (1049).jpeg,138,69,48,109
1080,Cat-Train (1186).jpeg,105,145,144,135
1081,Cat-Train (1609).jpeg,50,101,113,134
1082,Cat-Train (14).jpg,35,94,12,122
1083,Cat-Train (875).jpeg,9,104,177,142
1084,Cat-Train (227).jpeg,164,127,56,33
1085,Cat-Train (1375).jpeg,159,158,126,102
1086,Cat-Train (1875).jpeg,138,116,102,11
1087,Cat-Train (254).jpeg,4,2,51,113
1088,Cat-Train (902).jpeg,46,27,85,55
1089,Cat-Train (283).jpeg,31,112,35,138
1090,Cat-Train (745).jpeg,48,36,90,141
1091,Cat-Train (1537).jpeg,126,139,152,87
1092,Cat-Train (479).jpeg,55,22,56,176
1093,Cat-Train (1539).jpeg,143,110,179,34
1094,Cat-Train (1376).jpeg,41,65,79,80
1095,Cat-Train (381).jpeg,27,95,58,7
1096,Cat-Train (133).jpeg,165,5,134,19
1097,Cat-Train (1298).jpeg,43,47,58,134
1098,Cat-Train (1649).jpeg,147,147,54,18
1099,Cat-Train (1588).jpeg,147,156,175,94
1100,Cat-Train (163).jpeg,74,3,95,164
1101,Cat-Train (1227).jpeg,172,156,1,158
1102,Cat-Train (1223).jpeg,134,147,34,170
1103,Cat-Train (588).jpeg,159,115,111,148
1104,Cat-Train (183).jpeg,121,19,73,153
1105,Cat-Train (1217).jpeg,79,43,92,6
1106,Cat-Train (1602).jpeg,57,154,76,75
1107,Cat-Train (1569).jpeg,73,83,49,94
1108,Cat-Train (273).jpeg,177,163,175,15
1109,Cat-Train (992).jpeg,70,141,92,58
1110,Cat-Train (12).jpeg,14,13,172,77
1111,Cat-Train (1850).jpeg,103,27,145,81
1112,Cat-Train (1886).jpeg,29,40,119,136
1113,Cat-Train (667).jpeg,128,143,179,158
1114,Cat-Train (1320).jpeg,39,80,12,121
1115,Cat-Train (1774).jpeg,56,118,97,87
1116,Cat-Train (45).jpg,122,58,150,68
1117,Cat-Train (109).jpeg,15,131,160,176
1118,Cat-Train (484).jpeg,124,100,101,14
1119,Cat-Train (495).jpeg,43,156,153,7
1120,Cat-Train (1118).jpeg,141,153,98,104
1121,Cat-Train (454).jpeg,34,127,141,168
1122,Cat-Train (230).jpeg,136,11,78,61
1123,Cat-Train (829).jpeg,11,25,19,27
1124,Cat-Train (596).jpeg,12,170,92,31
1125,Cat-Train (683).jpeg,85,34,96,47
1126,Cat-Train (509).jpeg,95,126,4,65
1127,Cat-Train (301).jpeg,164,96,21,45
1128,Cat-Train (157).jpeg,19,14,148,139
1129,Cat-Train (1010).jpeg,173,129,27,37
1130,Cat-Train (1105).jpeg,3,58,115,66
1131,Cat-Train (1137).jpeg,91,54,16,91
1132,Cat-Train (1809).jpeg,142,50,167,16
1133,Cat-Train (690).jpeg,64,166,50,76
1134,Cat-Train (403).jpeg,178,169,145,22
1135,Cat-Train (689).jpeg,115,153,150,94
1136,Cat-Train (1041).jpeg,48,78,166,7
1137,Cat-Train (423).jpeg,56,101,169,44
1138,Cat-Train (1598).jpeg,25,18,45,120
1139,Cat-Train (39).jpeg,52,44,124,43
1140,Cat-Train (1726).jpeg,70,48,132,61
1141,Cat-Train (1697).jpeg,83,66,93,145
1142,Cat-Train (806).jpeg,90,64,17,43
1143,Cat-Train (1570).jpeg,132,35,156,26
1144,Cat-Train (737).jpeg,127,142,25,32
1145,Cat-Train (1930).jpeg,69,132,145,96
1146,Cat-Train (348).jpeg,71,92,118,16
1147,Cat-Train (373).jpeg,68,79,55,106
1148,Cat-Train (1664).jpeg,94,50,168,112
1149,Cat-Train (906).jpeg,174,164,54,103
1150,Cat-Train (49).jpg,55,80,15,122
1151,Cat-Train (26).jpeg,120,177,6,67
1152,Cat-Train (729).jpeg,73,169,17,158
1153,Cat-Train (704).jpeg,0,53,168,154
1154,Cat-Train (1389).jpeg,116,116,149,138
1155,Cat-Train (359).jpeg,162,128,24,144
1156,Cat-Train (1154).jpeg,3,179,164,139
1157,Cat-Train (504).jpeg,145,91,71,127
1158,Cat-Train (1306).jpeg,17,143,158,117
1159,Cat-Train (146).jpeg,40,63,39,10
1160,Cat-Train (1520).jpeg,91,91,162,155
1161,Cat-Train (981).jpeg,85,120,139,169
1162,Cat-Train (37).jpeg,154,80,59,91
1163,Cat-Train (1660).jpeg,19,144,89,29
1164,Cat-Train (1459).jpeg,148,39,150,86
1165,Cat-Train (1814).jpeg,170,77,116,10
1166,Cat-Train (34).jpeg,7,33,23,47
1167,Cat-Train (1888).jpeg,122,79,139,180
1168,Cat-Train (664).jpeg,7,134,83,132
1169,Cat-Train (678).jpeg,84,96,142,128
1170,Cat-Train (1431).jpeg,24,103,10,31
1171,Cat-Train (638).jpeg,45,120,122,177
1172,Cat-Train (566).jpeg,94,11,179,12
1173,Cat-Train (577).jpeg,40,143,110,97
1174,Cat-Train (184).jpeg,143,154,32,56
1175,Cat-Train (1836).jpeg,179,59,23,99
1176,Cat-Train (1166).jpeg,157,111,59,57
1177,Cat-Train (47).jpeg,177,100,49,28
1178,Cat-Train (1808).jpeg,75,104,82,132
1179,Cat-Train (1439).jpeg,30,56,88,156
1180,Cat-Train (500).jpeg,44,104,155,1
1181,Cat-Train (789).jpeg,145,163,176,56
1182,Cat-Train (168).jpeg,33,87,0,9
1183,Cat-Train (1574).jpeg,122,33,43,4
1184,Cat-Train (582).jpeg,48,140,92,21
1185,Cat-Train (364).jpeg,35,58,144,103
1186,Cat-Train (469).jpeg,110,18,176,151
1187,Cat-Train (1047).jpeg,152,105,173,19
1188,Cat-Train (1725).jpeg,92,26,72,34
1189,Cat-Train (974).jpeg,38,128,23,125
1190,Cat-Train (1016).jpeg,164,46,173,41
1191,Cat-Train (1620).jpeg,39,4,156,104
1192,Cat-Train (756).jpeg,173,20,91,103
1193,Cat-Train (517).jpeg,166,12,66,86
1194,Cat-Train (1896).jpeg,37,165,163,76
1195,Cat-Train (51).jpeg,114,16,101,46
1196,Cat-Train (27).jpg,20,124,32,90
1197,Cat-Train (681).jpeg,25,120,16,58
1198,Cat-Train (692).jpeg,21,164,124,28
1199,Cat-Train (1379).jpeg,37,70,33,29
1200,Cat-Train (1435).jpeg,128,110,67,58
1201,Cat-Train (1718).jpeg,108,49,14,28
1202,Cat-Train (746).jpeg,72,60,66,39
1203,Cat-Train (1336).jpeg,40,15,136,96
1204,Cat-Train (1043).jpeg,123,111,20,96
1205,Cat-Train (930).jpeg,78,148,29,86
1206,Cat-Train (1698).jpeg,69,4,7,178
1207,Cat-Train (362).jpeg,96,86,146,34
1208,Cat-Train (1894).jpeg,92,72,50,85
1209,Cat-Train (1675).jpeg,33,130,169,2
1210,Cat-Train (1924).jpeg,123,30,54,168
1211,Cat-Train (1390).jpeg,8,14,159,121
1212,Cat-Train (884).jpeg,131,65,60,14
1213,Cat-Train (1909).jpeg,170,82,10,18
1214,Cat-Train (1789).jpeg,133,52,79,132
1215,Cat-Train (281).jpeg,35,66,122,39
1216,Cat-Train (1523).jpeg,49,179,38,120
1217,Cat-Train (1592).jpeg,103,61,3,98
1218,Cat-Train (122).jpeg,91,170,129,75
1219,Cat-Train (632).jpeg,14,111,75,38
1220,Cat-Train (1936).jpeg,90,176,71,64
1221,Cat-Train (1573).jpeg,2,151,149,146
1222,Cat-Train (658).jpeg,162,72,146,66
1223,Cat-Train (385).jpeg,91,102,75,78
1224,Cat-Train (1015).jpeg,137,24,40,70
1225,Cat-Train (229).jpeg,6,32,10,97
1226,Cat-Train (1920).jpeg,33,63,161,95
1227,Cat-Train (1732).jpeg,100,73,128,67
1228,Cat-Train (978).jpeg,154,161,79,114
1229,Cat-Train (634).jpeg,82,159,161,177
1230,Cat-Train (354).jpeg,77,11,125,45
1231,Cat-Train (901).jpeg,178,123,94,79
1232,Cat-Train (208).jpeg,68,8,152,141
1233,Cat-Train (221).jpeg,24,156,55,99
1234,Cat-Train (1052).jpeg,94,102,57,61
1235,Cat-Train (814).jpeg,10,117,47,87
1236,Cat-Train (762).jpeg,82,147,32,65
1237,Cat-Train (1343).jpeg,165,7,58,170
1238,Cat-Train (1165).jpeg,81,20,164,113
1239,Cat-Train (400).jpeg,35,163,55,44
1240,Cat-Train (220).jpeg,86,18,6,34
1241,Cat-Train (263).jpeg,153,125,176,178
1242,Cat-Train (1250).jpeg,7,109,45,70
1243,Cat-Train (1358).jpeg,97,153,173,60
1244,Cat-Train (18).jpeg,109,11,143,175
1245,Cat-Train (218).jpeg,122,73,84,141
1246,Cat-Train (827).jpeg,10,99,34,46
1247,Cat-Train (269).jpeg,128,64,54,68
1248,Cat-Train (813).jpeg,138,19,147,42
1249,Cat-Train (210).jpeg,60,170,125,68
1250,Cat-Train (1857).jpeg,11,62,63,96
1251,Cat-Train (105).jpeg,22,101,57,141
1252,Cat-Train (304).jpeg,97,37,143,21
1253,Cat-Train (895).jpeg,34,35,104,129
1254,Cat-Train (294).jpeg,81,112,114,82
1255,Cat-Train (611).jpeg,23,86,131,13
1256,Cat-Train (383).jpeg,136,163,83,96
1257,Cat-Train (536).jpeg,149,161,88,69
1258,Cat-Train (976).jpeg,45,35,44,1
1259,Cat-Train (310).jpeg,80,45,95,119
1260,Cat-Train (1034).jpeg,77,86,60,152
1261,Cat-Train (1501).jpeg,154,105,129,101
1262,Cat-Train (215).jpeg,117,90,69,89
1263,Cat-Train (21).jpeg,124,131,65,133
1264,Cat-Train (234).jpeg,24,92,144,26
1265,Cat-Train (1779).jpeg,16,125,132,13
1266,Cat-Train (1301).jpeg,149,34,69,106
1267,Cat-Train (1926).jpeg,159,33,32,105
1268,Cat-Train (1615).jpeg,136,148,86,158
1269,Cat-Train (1109).jpeg,137,179,11,52
1270,Cat-Train (459).jpeg,102,85,18,7
1271,Cat-Train (972).jpeg,73,46,54,158
1272,Cat-Train (803).jpeg,131,18,66,174
1273,Cat-Train (622).jpeg,152,4,148,180
1274,Cat-Train (213).jpeg,68,48,18,62
1275,Cat-Train (1628).jpeg,173,81,39,147
1276,Cat-Train (1496).jpeg,60,81,68,161
1277,Cat-Train (1862).jpeg,41,117,149,93
1278,Cat-Train (1802).jpeg,163,12,93,120
1279,Cat-Train (131).jpeg,60,118,101,71
1280,Cat-Train (1566).jpeg,136,87,159,107
1281,Cat-Train (1125).jpeg,96,137,74,111
1282,Cat-Train (1252).jpeg,62,63,36,40
1283,Cat-Train (1395).jpeg,102,175,90,146
1284,Cat-Train (735).jpeg,65,134,125,33
1285,Cat-Train (1538).jpeg,16,34,168,49
1286,Cat-Train (374).jpeg,106,96,46,79
1287,Cat-Train (1544).jpeg,25,13,144,110
1288,Cat-Train (8).jpeg,178,36,30,64
1289,Cat-Train (1370).jpeg,143,40,162,7
1290,Cat-Train (620).jpeg,119,177,14,57
1291,Cat-Train (1872).jpeg,123,10,8,113
1292,Cat-Train (97).jpeg,111,94,47,144
1293,Cat-Train (1236).jpeg,76,106,78,91
1294,Cat-Train (89).jpeg,178,24,82,137
1295,Cat-Train (1492).jpeg,3,29,4,77
1296,Cat-Train (339).jpeg,42,93,145,37
1297,Cat-Train (1716).jpeg,130,166,51,87
1298,Cat-Train (453).jpeg,111,77,69,93
1299,Cat-Train (811).jpeg,96,15,23,141
1300,Cat-Train (808).jpeg,31,21,155,178
1301,Cat-Train (1199).jpeg,180,153,40,96
1302,Cat-Train (264).jpeg,70,26,124,135
1303,Cat-Train (197).jpeg,134,89,109,84
1304,Cat-Train (344).jpeg,102,174,106,45
1305,Cat-Train (1783).jpeg,68,167,122,41
1306,Cat-Train (340).jpeg,130,79,179,130
1307,Cat-Train (260).jpeg,15,5,111,141
1308,Cat-Train (1363).jpeg,145,36,165,102
1309,Cat-Train (850).jpeg,145,47,70,117
1310,Cat-Train (69).jpeg,111,109,20,157
1311,Cat-Train (1255).jpeg,57,14,165,19
1312,Cat-Train (1432).jpeg,144,154,158,152
1313,Cat-Train (284).jpeg,97,77,114,167
1314,Cat-Train (532).jpeg,116,163,101,80
1315,Cat-Train (628).jpeg,16,49,0,112
1316,Cat-Train (1282).jpeg,113,74,19,83
1317,Cat-Train (1106).jpeg,149,143,9,78
1318,Cat-Train (75).jpeg,66,114,23,100
1319,Cat-Train (1611).jpeg,171,88,175,142
1320,Cat-Train (708).jpeg,62,104,24,112
1321,Cat-Train (1786).jpeg,11,43,9,169
1322,Cat-Train (1740).jpeg,22,137,148,8
1323,Cat-Train (1554).jpeg,146,6,108,14
1324,Cat-Train (1226).jpeg,128,60,52,83
1325,Cat-Train (1332).jpeg,111,26,58,6
1326,Cat-Train (1115).jpeg,58,56,75,64
1327,Cat-Train (352).jpeg,42,159,11,61
1328,Cat-Train (1184).jpeg,178,11,180,147
1329,Cat-Train (1869).jpeg,46,174,63,85
1330,Cat-Train (1593).jpeg,178,31,174,88
1331,Cat-Train (1931).jpeg,176,23,36,47
1332,Cat-Train (1654).jpeg,179,100,63,178
1333,Cat-Train (1244).jpeg,66,73,33,172
1334,Cat-Train (732).jpeg,4,150,27,179
1335,Cat-Train (330).jpeg,73,83,103,132
1336,Cat-Train (1382).jpeg,115,113,6,7
1337,Cat-Train (1393).jpeg,45,99,55,176
1338,Cat-Train (1262).jpeg,0,112,47,164
1339,Cat-Train (749).jpeg,144,6,37,7
1340,Cat-Train (1308).jpeg,35,143,126,66
1341,Cat-Train (17).jpg,19,59,103,16
1342,Cat-Train (919).jpeg,152,107,66,86
1343,Cat-Train (1026).jpeg,28,108,20,57
1344,Cat-Train (1720).jpeg,158,17,120,166
1345,Cat-Train (1751).jpeg,6,141,42,68
1346,Cat-Train (996).jpeg,69,176,77,141
1347,Cat-Train (1083).jpeg,156,29,49,165
1348,Cat-Train (233).jpeg,161,89,101,0
1349,Cat-Train (986).jpeg,67,89,157,167
1350,Cat-Train (1928).jpeg,65,30,17,48
1351,Cat-Train (285).jpeg,98,79,88,145
1352,Cat-Train (6).jpg,107,36,81,111
1353,Cat-Train (1270).jpeg,177,159,41,15
1354,Cat-Train (560).jpeg,10,18,179,39
1355,Cat-Train (1140).jpeg,123,9,17,178
1356,Cat-Train (726).jpeg,157,165,90,86
1357,Cat-Train (88).jpeg,148,95,30,133
1358,Cat-Train (20).jpeg,8,143,167,1
1359,Cat-Train (1384).jpeg,2,46,19,133
1360,Cat-Train (50).jpeg,153,116,55,71
1361,Cat-Train (1450).jpeg,57,77,115,105
1362,Cat-Train (185).jpeg,73,107,21,180
1363,Cat-Train (1161).jpeg,58,137,36,1
1364,Cat-Train (237).jpeg,131,26,108,118
1365,Cat-Train (1286).jpeg,47,124,74,142
1366,Cat-Train (1300).jpeg,18,161,46,123
1367,Cat-Train (858).jpeg,125,173,101,152
1368,Cat-Train (282).jpeg,29,60,105,143
1369,Cat-Train (1178).jpeg,150,96,80,129
1370,Cat-Train (742).jpeg,44,168,79,49
1371,Cat-Train (554).jpeg,134,71,5,118
1372,Cat-Train (1481).jpeg,167,10,31,147
1373,Cat-Train (1331).jpeg,95,170,1,23
1374,Cat-Train (873).jpeg,107,35,65,174
1375,Cat-Train (1201).jpeg,38,55,4,118
1376,Cat-Train (1687).jpeg,114,1,47,98
1377,Cat-Train (1823).jpeg,119,168,173,94
1378,Cat-Train (18).jpg,9,43,16,120
1379,Cat-Train (1259).jpeg,52,108,7,51
1380,Cat-Train (1907).jpeg,129,12,133,127
1381,Cat-Train (401).jpeg,161,77,49,75
1382,Cat-Train (562).jpeg,112,76,109,131
1383,Cat-Train (598).jpeg,140,114,100,132
1384,Cat-Train (1870).jpeg,53,141,47,161
1385,Cat-Train (1312).jpeg,90,108,27,18
1386,Cat-Train (1243).jpeg,127,80,161,9
1387,Cat-Train (871).jpeg,179,10,3,64
1388,Cat-Train (1553).jpeg,158,67,117,63
1389,Cat-Train (1218).jpeg,131,173,160,134
1390,Cat-Train (1919).jpeg,138,100,1,89
1391,Cat-Train (1688).jpeg,70,129,140,158
1392,Cat-Train (1691).jpeg,120,46,158,113
1393,Cat-Train (40).jpg,32,152,47,70
1394,Cat-Train (1037).jpeg,42,35,156,172
1395,Cat-Train (56).jpeg,81,42,84,100
1396,Cat-Train (349).jpeg,135,113,20,64
1397,Cat-Train (1596).jpeg,25,157,12,169
1398,Cat-Train (918).jpeg,105,145,50,96
1399,Cat-Train (672).jpeg,68,161,25,30
1400,Cat-Train (1605).jpeg,52,41,72,174
1401,Cat-Train (995).jpeg,31,12,103,8
1402,Cat-Train (1424).jpeg,175,124,151,129
1403,Cat-Train (1627).jpeg,53,75,32,58
1404,Cat-Train (446).jpeg,68,86,113,15
1405,Cat-Train (1196).jpeg,23,94,86,33
1406,Cat-Train (314).jpeg,136,20,168,129
1407,Cat-Train (519).jpeg,93,126,123,58
1408,Cat-Train (1).jpg,178,160,84,62
1409,Cat-Train (1471).jpeg,28,4,4,63
1410,Cat-Train (984).jpeg,46,83,142,40
1411,Cat-Train (389).jpeg,64,172,33,59
1412,Cat-Train (173).jpeg,30,81,74,17
1413,Cat-Train (752).jpeg,157,169,84,99
1414,Cat-Train (525).jpeg,20,87,108,12
1415,Cat-Train (716).jpeg,109,75,162,62
1416,Cat-Train (1843).jpeg,66,163,156,52
1417,Cat-Train (425).jpeg,39,34,52,106
1418,Cat-Train (1152).jpeg,143,84,90,78
1419,Cat-Train (186).jpeg,4,87,54,49
1420,Cat-Train (1475).jpeg,171,135,142,13
1421,Cat-Train (1197).jpeg,4,152,71,68
1422,Cat-Train (955).jpeg,58,28,28,70
1423,Cat-Train (1901).jpeg,86,140,104,15
1424,Cat-Train (1478).jpeg,141,167,128,149
1425,Cat-Train (1750).jpeg,24,166,88,173
1426,Cat-Train (1038).jpeg,84,35,111,120
1427,Cat-Train (135).jpeg,169,32,56,150
1428,Cat-Train (754).jpeg,32,131,180,76
1429,Cat-Train (600).jpeg,133,66,109,73
1430,Cat-Train (30).jpeg,169,122,41,114
1431,Cat-Train (673).jpeg,105,133,137,130
1432,Cat-Train (523).jpeg,105,93,161,109
1433,Cat-Train (1139).jpeg,134,177,134,165
1434,Cat-Train (277).jpeg,164,59,118,124
1435,Cat-Train (1674).jpeg,143,7,3,37
1436,Cat-Train (580).jpeg,157,66,14,31
1437,Cat-Train (1610).jpeg,121,84,142,122
1438,Cat-Train (1913).jpeg,175,149,77,79
1439,Cat-Train (1046).jpeg,119,8,44,67
1440,Cat-Train (472).jpeg,127,160,110,30
1441,Cat-Train (1846).jpeg,99,5,132,41
1442,Cat-Train (1581).jpeg,137,104,69,3
1443,Cat-Train (971).jpeg,83,170,122,127
1444,Cat-Train (1292).jpeg,110,165,147,148
1445,Cat-Train (113).jpeg,165,135,118,165
1446,Cat-Train (1682).jpeg,59,179,90,110
1447,Cat-Train (307).jpeg,28,119,129,168
1448,Cat-Train (1484).jpeg,70,72,40,69
1449,Cat-Train (1739).jpeg,165,99,153,53
1450,Cat-Train (1793).jpeg,173,57,158,49
1451,Cat-Train (270).jpeg,141,24,67,95
1452,Cat-Train (1828).jpeg,111,166,65,86
1453,Cat-Train (1130).jpeg,108,40,69,105
1454,Cat-Train (1096).jpeg,107,161,14,170
1455,Cat-Train (854).jpeg,158,172,37,166
1456,Cat-Train (265).jpeg,1,67,157,157
1457,Cat-Train (177).jpeg,8,37,15,10
1458,Cat-Train (410).jpeg,156,115,43,44
1459,Cat-Train (8).jpg,120,136,82,94
1460,Cat-Train (897).jpeg,27,126,20,163
1461,Cat-Train (1851).jpeg,133,64,58,24
1462,Cat-Train (1536).jpeg,71,155,40,26
1463,Cat-Train (783).jpeg,69,97,75,180
1464,Cat-Train (19).jpg,38,85,108,36
1465,Cat-Train (896).jpeg,121,18,80,68
1466,Cat-Train (1388).jpeg,17,157,35,41
1467,Cat-Train (38).jpg,159,74,102,36
1468,Cat-Train (1120).jpeg,163,159,163,46
1469,Cat-Train (1549).jpeg,111,58,131,99
1470,Cat-Train (1634).jpeg,72,26,22,104
1471,Cat-Train (7).jpg,130,64,116,107
1472,Cat-Train (1112).jpeg,140,58,55,37
1473,Cat-Train (181).jpeg,176,136,155,116
1474,Cat-Train (1737).jpeg,125,125,75,46
1475,Cat-Train (1194).jpeg,159,178,131,39
1476,Cat-Train (922).jpeg,109,109,149,94
1477,Cat-Train (1514).jpeg,38,84,50,148
1478,Cat-Train (1367).jpeg,139,19,71,30
1479,Cat-Train (212).jpeg,64,19,58,44
1480,Cat-Train (627).jpeg,5,64,82,53
1481,Cat-Train (171).jpeg,27,135,132,151
1482,Cat-Train (599).jpeg,162,139,53,177
1483,Cat-Train (1116).jpeg,59,113,154,180
1484,Cat-Train (241).jpeg,116,46,5,113
1485,Cat-Train (256).jpeg,39,16,1,33
1486,Cat-Train (375).jpeg,40,20,166,9
1487,Cat-Train (1202).jpeg,113,9,122,17
1488,Cat-Train (1666).jpeg,73,89,24,151
1489,Cat-Train (545).jpeg,33,154,129,2
1490,Cat-Train (289).jpeg,89,66,17,64
1491,Cat-Train (1211).jpeg,1,72,32,142
1492,Cat-Train (1368).jpeg,163,7,5,145
1493,Cat-Train (1170).jpeg,100,172,173,130
1494,Cat-Train (1251).jpeg,168,45,97,178
1495,Cat-Train (43).jpg,40,59,42,157
1496,Cat-Train (76).jpeg,41,43,75,116
1497,Cat-Train (640).jpeg,99,78,84,135
1498,Cat-Train (1275).jpeg,50,179,95,14
1499,Cat-Train (1042).jpeg,35,143,92,57
1500,Cat-Train (132).jpeg,99,139,143,82
1501,Cat-Train (1526).jpeg,168,170,22,76
1502,Cat-Train (872).jpeg,151,157,115,109
1503,Cat-Train (1327).jpeg,22,134,32,120
1504,Cat-Train (231).jpeg,149,152,97,29
1505,Cat-Train (767).jpeg,30,81,168,12
1506,Cat-Train (1291).jpeg,124,93,177,26
1507,Cat-Train (853).jpeg,51,59,43,3
1508,Cat-Train (1632).jpeg,27,12,97,142
1509,Cat-Train (1473).jpeg,31,78,165,144
1510,Cat-Train (753).jpeg,138,145,108,33
1511,Cat-Train (876).jpeg,52,166,50,84
1512,Cat-Train (1692).jpeg,49,123,100,43
1513,Cat-Train (38).jpeg,125,169,52,134
1514,Cat-Train (249).jpeg,54,54,70,95
1515,Cat-Train (1659).jpeg,104,152,152,42
1516,Cat-Train (424).jpeg,167,3,67,40
1517,Cat-Train (893).jpeg,47,122,1,131
1518,Cat-Train (178).jpeg,66,1,19,170
1519,Cat-Train (964).jpeg,35,59,33,66
1520,Cat-Train (481).jpeg,160,156,51,153
1521,Cat-Train (195).jpeg,68,115,73,46
1522,Cat-Train (1895).jpeg,31,83,156,38
1523,Cat-Train (1371).jpeg,17,23,122,25
1524,Cat-Train (1545).jpeg,85,12,82,41
1525,Cat-Train (1422).jpeg,161,48,119,78
1526,Cat-Train (328).jpeg,98,105,55,59
1527,Cat-Train (1650).jpeg,98,96,64,58
1528,Cat-Train (1572).jpeg,40,32,119,59
1529,Cat-Train (99).jpeg,85,39,16,87
1530,Cat-Train (125).jpeg,24,10,98,173
1531,Cat-Train (52).jpeg,162,46,6,164
1532,Cat-Train (909).jpeg,128,154,41,127
1533,Cat-Train (245).jpeg,114,94,143,7
1534,Cat-Train (1134).jpeg,106,103,177,56
1535,Cat-Train (904).jpeg,67,142,83,95
1536,Cat-Train (1498).jpeg,72,173,116,98
1537,Cat-Train (1114).jpeg,82,96,72,159
1538,Cat-Train (1531).jpeg,112,3,29,96
1539,Cat-Train (477).jpeg,53,77,114,133
1540,Cat-Train (148).jpeg,135,104,41,82
1541,Cat-Train (798).jpeg,121,168,150,172
1542,Cat-Train (32).jpeg,147,129,59,176
1543,Cat-Train (486).jpeg,61,81,37,6
1544,Cat-Train (457).jpeg,180,6,164,34
1545,Cat-Train (572).jpeg,163,88,130,153
1546,Cat-Train (121).jpeg,116,93,17,4
1547,Cat-Train (1323).jpeg,117,111,143,64
1548,Cat-Train (240).jpeg,110,97,67,113
1549,Cat-Train (448).jpeg,19,56,143,15
1550,Cat-Train (715).jpeg,142,140,40,164
1551,Cat-Train (518).jpeg,111,170,91,119
1552,Cat-Train (815).jpeg,110,49,161,31
1553,Cat-Train (35).jpg,139,41,66,61
1554,Cat-Train (606).jpeg,70,24,148,134
1555,Cat-Train (1541).jpeg,20,67,122,41
1556,Cat-Train (325).jpeg,44,62,175,0
1557,Cat-Train (1585).jpeg,89,109,107,174
1558,Cat-Train (10).jpg,126,116,174,149
1559,Cat-Train (1548).jpeg,135,121,2,72
1560,Cat-Train (1816).jpeg,73,90,146,132
1561,Cat-Train (140).jpeg,85,121,180,141
1562,Cat-Train (688).jpeg,161,126,51,163
1563,Cat-Train (341).jpeg,129,68,77,130
1564,Cat-Train (319).jpeg,60,149,109,47
1565,Cat-Train (180).jpeg,110,147,119,134
1566,Cat-Train (1490).jpeg,174,153,98,126
1567,Cat-Train (402).jpeg,123,90,92,125
1568,Cat-Train (1832).jpeg,128,133,149,98
1569,Cat-Train (537).jpeg,44,57,100,103
1570,Cat-Train (1903).jpeg,60,39,109,101
1571,Cat-Train (1647).jpeg,129,112,31,28
1572,Cat-Train (445).jpeg,15,76,72,137
1573,Cat-Train (1853).jpeg,178,64,27,98
1574,Cat-Train (15).jpg,58,27,154,103
1575,Cat-Train (323).jpeg,132,2,53,141
1576,Cat-Train (1796).jpeg,88,104,157,80
1577,Cat-Train (431).jpeg,112,22,110,161
1578,Cat-Train (1543).jpeg,152,148,139,129
1579,Cat-Train (187).jpeg,159,80,131,50
1580,Cat-Train (9).jpg,127,124,97,62
1581,Cat-Train (1706).jpeg,170,158,96,35
1582,Cat-Train (549).jpeg,164,63,160,161
1583,Cat-Train (1449).jpeg,19,116,75,28
1584,Cat-Train (1400).jpeg,101,143,21,103
1585,Cat-Train (1614).jpeg,10,129,115,38
1586,Cat-Train (583).jpeg,83,72,82,51
1587,Cat-Train (139).jpeg,30,176,120,54
1588,Cat-Train (998).jpeg,48,54,9,82
1589,Cat-Train (1589).jpeg,130,32,41,143
1590,Cat-Train (1710).jpeg,61,112,94,84
1591,Cat-Train (1651).jpeg,0,47,147,142
1592,Cat-Train (1006).jpeg,100,47,48,138
1593,Cat-Train (1).jpeg,158,79,158,115
1594,Cat-Train (1177).jpeg,101,2,44,137
1595,Cat-Train (1521).jpeg,157,158,58,85
1596,Cat-Train (21).jpg,88,99,4,81
1597,Cat-Train (387).jpeg,39,176,19,119
1598,Cat-Train (960).jpeg,25,15,61,107
1599,Cat-Train (145).jpeg,97,21,40,129
1600,Cat-Train (305).jpeg,179,32,19,128
1601,Cat-Train (861).jpeg,35,157,100,83
1602,Cat-Train (1676).jpeg,149,165,105,174
1603,Cat-Train (439).jpeg,28,41,3,140
1604,Cat-Train (579).jpeg,30,99,103,12
1605,Cat-Train (1414).jpeg,93,62,114,6
1606,Cat-Train (1904).jpeg,0,38,82,115
1607,Cat-Train (685).jpeg,139,11,19,150
1608,Cat-Train (933).jpeg,31,23,77,111
1609,Cat-Train (175).jpeg,132,123,165,125
1610,Cat-Train (1805).jpeg,117,4,32,28
1611,Cat-Train (326).jpeg,120,17,145,76
1612,Cat-Train (652).jpeg,66,36,161,3
1613,Cat-Train (1219).jpeg,102,83,138,170
1614,Cat-Train (1838).jpeg,149,109,164,143
1615,Cat-Train (207).jpeg,143,80,165,39
1616,Cat-Train (937).jpeg,126,67,84,170
1617,Cat-Train (342).jpeg,117,7,2,150
1618,Cat-Train (465).jpeg,1,72,129,147
1619,Cat-Train (1014).jpeg,110,175,94,55
1620,Cat-Train (1714).jpeg,36,180,96,46
1621,Cat-Train (700).jpeg,63,35,4,22
1622,Cat-Train (1564).jpeg,139,35,11,12
1623,Cat-Train (1276).jpeg,120,155,111,1
1624,Cat-Train (1518).jpeg,164,162,37,71
1625,Cat-Train (54).jpg,57,32,133,84
1626,Cat-Train (1821).jpeg,178,108,83,38
1627,Cat-Train (66).jpeg,8,161,162,76
1628,Cat-Train (849).jpeg,49,131,67,152
1629,Cat-Train (300).jpeg,44,8,150,25
1630,Cat-Train (60).jpeg,62,171,134,143
1631,Cat-Train (727).jpeg,113,84,62,166
1632,Cat-Train (510).jpeg,36,7,91,160
1633,Cat-Train (257).jpeg,80,107,85,2
1634,Cat-Train (1939).jpeg,15,153,25,141
1635,Cat-Train (1524).jpeg,149,13,166,45
1636,Cat-Train (1162).jpeg,65,47,134,6
1637,Cat-Train (1653).jpeg,109,170,38,178
1638,Cat-Train (1334).jpeg,131,43,100,92
1639,Cat-Train (949).jpeg,13,159,124,88
1640,Cat-Train (1328).jpeg,162,149,20,155
1641,Cat-Train (1934).jpeg,4,152,25,167
1642,Cat-Train (225).jpeg,52,76,111,9
1643,Cat-Train (1124).jpeg,101,140,45,90
1644,Cat-Train (1927).jpeg,83,22,109,71
1645,Cat-Train (1701).jpeg,125,149,108,106
1646,Cat-Train (386).jpeg,176,164,82,169
1647,Cat-Train (1360).jpeg,177,38,71,50
1648,Cat-Train (848).jpeg,151,25,11,26
1649,Cat-Train (1641).jpeg,134,21,126,14
1650,Cat-Train (1606).jpeg,150,21,5,137
1651,Cat-Train (1619).jpeg,176,23,22,162
1652,Cat-Train (78).jpeg,29,179,9,110
1653,Cat-Train (1256).jpeg,61,95,156,42
1654,Cat-Train (650).jpeg,128,179,145,11
1655,Cat-Train (1915).jpeg,21,104,91,109
1656,Cat-Train (948).jpeg,30,91,101,176
1657,Cat-Train (892).jpeg,75,86,125,160
1658,Cat-Train (1075).jpeg,26,121,157,65
1659,Cat-Train (1187).jpeg,19,156,48,104
1660,Cat-Train (528).jpeg,42,143,164,169
1661,Cat-Train (9).jpeg,123,13,24,175
1662,Cat-Train (33).jpeg,43,39,115,155
1663,Cat-Train (800).jpeg,117,102,11,169
1664,Cat-Train (1176).jpeg,9,146,49,153
1665,Cat-Train (648).jpeg,99,53,75,80
1666,Cat-Train (674).jpeg,43,148,129,152
1667,Cat-Train (1345).jpeg,180,119,57,46
1668,Cat-Train (1852).jpeg,131,32,131,93
1669,Cat-Train (478).jpeg,64,165,124,41
1670,Cat-Train (1391).jpeg,77,88,8,156
1671,Cat-Train (1119).jpeg,34,173,89,1
1672,Cat-Train (1579).jpeg,51,163,70,139
1673,Cat-Train (636).jpeg,147,82,156,126
1674,Cat-Train (914).jpeg,108,75,106,119
1675,Cat-Train (1182).jpeg,60,62,122,99
1676,Cat-Train (290).jpeg,72,41,95,175
1677,Cat-Train (1856).jpeg,102,123,39,44
1678,Cat-Train (1663).jpeg,72,163,119,14
1679,Cat-Train (686).jpeg,127,131,49,45
1680,Cat-Train (420).jpeg,17,103,93,83
1681,Cat-Train (513).jpeg,75,14,143,53
1682,Cat-Train (1567).jpeg,54,141,82,96
1683,Cat-Train (710).jpeg,40,1,19,104
1684,Cat-Train (807).jpeg,30,155,166,178
1685,Cat-Train (5).jpeg,144,60,27,103
1686,Cat-Train (7).jpeg,117,75,145,96
1687,Cat-Train (766).jpeg,156,120,22,93
1688,Cat-Train (1522).jpeg,59,172,117,53
1689,Cat-Train (1665).jpeg,116,76,21,177
1690,Cat-Train (1408).jpeg,119,33,80,165
1691,Cat-Train (1060).jpeg,105,130,175,97
1692,Cat-Train (958).jpeg,9,23,61,158
1693,Cat-Train (1398).jpeg,34,113,2,2
1694,Cat-Train (701).jpeg,66,5,90,124
1695,Cat-Train (546).jpeg,38,135,96,31
1696,Cat-Train (1403).jpeg,103,37,162,67
1697,Cat-Train (975).jpeg,97,103,14,127
1698,Cat-Train (819).jpeg,128,82,5,30
1699,Cat-Train (675).jpeg,83,171,129,18
1700,Cat-Train (143).jpeg,90,141,170,154
1701,Cat-Train (1577).jpeg,19,104,50,75
1702,Cat-Train (6).jpeg,85,131,63,143
1703,Cat-Train (41).jpg,12,41,16,93
1704,Cat-Train (567).jpeg,68,91,1,117
1705,Cat-Train (917).jpeg,20,7,179,100
1706,Cat-Train (905).jpeg,42,47,176,14
1707,Cat-Train (934).jpeg,161,87,144,66
1708,Cat-Train (821).jpeg,7,33,132,43
1709,Cat-Train (1830).jpeg,31,56,72,133
1710,Cat-Train (1246).jpeg,45,169,111,50
1711,Cat-Train (1299).jpeg,40,177,144,171
1712,Cat-Train (702).jpeg,2,143,70,157
1713,Cat-Train (594).jpeg,135,24,16,152
1714,Cat-Train (1173).jpeg,153,46,40,66
1715,Cat-Train (4).png,94,151,32,46
1716,Cat-Train (952).jpeg,98,100,146,164
1717,Cat-Train (223).jpeg,149,166,31,98
1718,Cat-Train (463).jpeg,104,18,104,125
1719,Cat-Train (1500).jpeg,134,116,37,120
1720,Cat-Train (1451).jpeg,156,40,89,43
1721,Cat-Train (1122).jpeg,136,131,110,137
1722,Cat-Train (1794).jpeg,153,133,15,81
1723,Cat-Train (1662).jpeg,21,84,172,65
1724,Cat-Train (1917).jpeg,33,146,168,125
1725,Cat-Train (1608).jpeg,56,58,114,158
1726,Cat-Train (1232).jpeg,25,114,23,112
1727,Cat-Train (316).jpeg,75,50,14,92
1728,Cat-Train (1359).jpeg,107,41,44,163
1729,Cat-Train (1754).jpeg,179,81,47,40
1730,Cat-Train (12).jpg,120,39,172,150
1731,Cat-Train (1280).jpeg,172,121,166,94
1732,Cat-Train (1540).jpeg,128,157,6,151
1733,Cat-Train (1164).jpeg,151,143,116,180
1734,Cat-Train (1138).jpeg,71,76,94,83
1735,Cat-Train (13).jpg,120,135,58,143
1736,Cat-Train (889).jpeg,43,45,167,74
1737,Cat-Train (1769).jpeg,71,111,141,69
1738,Cat-Train (55).jpg,150,64,20,93
1739,Cat-Train (272).jpeg,43,0,127,97
1740,Cat-Train (399).jpeg,113,40,131,159
1741,Cat-Train (722).jpeg,171,67,46,139
1742,Cat-Train (706).jpeg,120,65,84,101
1743,Cat-Train (14).jpeg,153,101,7,119
1744,Cat-Train (1019).jpeg,44,180,161,62
1745,Cat-Train (810).jpeg,42,107,39,102
1746,Cat-Train (87).jpeg,141,163,33,44
1747,Cat-Train (1267).jpeg,149,156,85,67
1748,Cat-Train (72).jpeg,20,119,132,59
1749,Cat-Train (1206).jpeg,126,7,137,117
